"cuid","cuname.x","cu_acronym","du_number","du_acronym","DU_name","FULL_CU_IN","spp","gen_length","COSEWIC_status","survey_quality","survey_coverage","survey_execution","catch_quality","dq_score","cu_enh_rank","Sites"
302,"Boundary Bay_FA_0.3","BB","CK1","BB+GStr/Ocean/Fall","Southern Mainland Boundary Bay, Ocean, Fall population","CK-2","Chinook",5,"Threatened",0,0,0,0,0,"High",3
311,"Middle Fraser River_SU_1.3","MFR-summer","CK10","MFR+GStr/Stream/Summer","Middle Fraser, Stream, Summer population","CK-11","Chinook",5,"Threatened",3,1,4,0,8,"Moderate",18
312,"Upper Fraser River_SP_1.3","UFR-spring","CK11","UFR/Stream/Spring","Upper Fraser, Stream, Spring population","CK-12","Chinook",5,"Endangered",2,0,5,0,7,"Low",43
313,"South Thompson_SU_0.3","STh-0.3","CK12","STh+GStr/Ocean/Summer","South Thompson, Ocean, Summer population","CK-13","Chinook",4,"Not at risk",2,1,5,0,8,"None",10
315,"Shuswap River_SU_0.3","STh-SHUR","CK12","STh+GStr/Ocean/Summer","South Thompson, Ocean, Summer population","CK-15","Chinook",4,"Not at risk",4,5,5,0,14,"Moderate",4
314,"South Thompson_SU_1.3","STh-1.3","CK13","STh+GStr/Stream/Summer","South Thompson, Stream, Summer 1.3 population","CK-14","Chinook",5,"Endangered",3,5,5,0,13,"Moderate",4
316,"South Thompson-Bessette Creek_SU_1.2","STh-BESS","CK14","STh+GStr/Stream/Summer/(Bessette)","South Thompson, Stream, Summer 1.2 (Bessette) population","CK-16","Chinook",4,"Endangered",3,0,5,0,8,"None",4
317,"Lower Thompson_SP_1.2","LTh","CK15","LTh+GStr/Stream/Spring","Lower Thompson, Stream, Spring population","CK-17","Chinook",4,"Endangered",3,5,5,0,13,"Moderate",9
318,"North Thompson_SP_1.3","NTh-spr","CK16","NTh+GStr/Stream/Spring","North Thompson, Stream, Spring population","CK-18","Chinook",5,"Endangered",3,1,5,0,9,"Low",7
319,"North Thompson_SU_1.3","NTh-sum","CK17","NTh+Gstr/Stream/Summer","North Thompson, Stream, Summer population","CK-19","Chinook",5,"Endangered",2,3,5,0,10,"Low",7
320,"Southern Mainland-Georgia Strait_FA_0.x","SC-GStr","CK18","SC+GStr/Ocean/Fall","South Coast - Georgia Strait, Ocean, Fall population","CK-20","Chinook",4,"Data Deficient",0,0,0,0,0,"High",39
323,"East Vancouver Island-Nanaimo_SP_1.x","NanR-spr","CK19","EVI+GStr/Stream/Spring","East Vancouver Island, Stream, Spring population","CK-23","Chinook",4,"Endangered",0,0,0,0,0,"None",1
303,"Lower Fraser River_FA_0.3","LFR-fall","CK2","LFR+GStr/Ocean/Fall","Lower Fraser, Ocean, Fall population (Harrison)","CK-3","Chinook",4,"Threatened",4,5,5,0,14,"Moderate",1
334,"East Vancouver Island-Georgia Strait_SU_0.3","EVIGStr-sum","CK20","EVI+GStr/Ocean/Summer","East Vancouver Island, Ocean, Summer population","CK-83","Chinook",4,"Endangered",4,5,5,0,14,"High",2
321,"East Vancouver Island-Goldstream_FA_0.x","Goldstr","CK21","EVI+GStr/Ocean/Fall","East Vancouver Island, Ocean, Fall population","CK-21","Chinook",3,"Special Concern",0,5,0,0,5,"High",2
322,"East Vancouver Island-Cowichan and Koksilah_FA_0.x","CWCH-KOK","CK21","EVI+GStr/Ocean/Fall","East Vancouver Island, Ocean, Fall population","CK-22","Chinook",3,"Special Concern",5,5,5,0,15,"High",7
324,"East Vancouver Island-Nanaimo and Chemainus_FA_0.x","EVI-fall","CK21","EVI+GStr/Ocean/Fall","East Vancouver Island, Ocean, Fall population","CK-25","Chinook",3,"Special Concern",3,5,5,0,13,"High",6
325,"East Vancouver Island-Qualicum and Puntledge_FA_0.x","QP-fall","CK21","EVI+GStr/Ocean/Fall","East Vancouver Island, Ocean, Fall population","CK-27","Chinook",4,"Special Concern",3,5,5,0,13,"High",16
326,"Southern Mainland-Southern Fjords_FA_0.x","SC+SFj","CK22","SC+SFj/Ocean/Fall","South Coast - Southern Fjords, Ocean, Fall population","CK-28","Chinook",4,"Data Deficient",3,0,2,0,5,"High",27
327,"East Vancouver Island-North_FA_0.x","NEVI","CK23","EVI+SFj/Ocean/Fall","East Vancouver Island - North, Ocean, Fall (EVI + SFj) population","CK-29","Chinook",4,"Not at risk",4,5,5,0,14,"High",19
328,"West Vancouver Island-South_FA_0.x","SWVI","CK24","WVI/Ocean/Fall (South)","West Vancouver Island, Ocean, Fall (South) population","CK-31","Chinook",4,"Threatened",3,0,4,0,7,"High",70
NA,"Port San Juan","PSJ","CK24","WVI/Ocean/Fall (South)","West Vancouver Island, Ocean, Fall (South) population","CK-30","Chinook",NA,"Threatened",NA,NA,NA,NA,NA,NA,NA
329,"West Vancouver Island-Nootka and Kyuquot_FA_0.x","NoKy","CK25","WVI/Ocean/Fall (Nootka & Kyuquot)","West Vancouver Island, Ocean, Fall (Nootka & Kyuquot) population","CK-32","Chinook",4,"Threatened",3,0,5,0,8,"High",57
330,"West Vancouver Island-North_FA_0.x","NWVI","CK26","WVI+WHG/Ocean/Fall","West Vancouver Island - North, Ocean, Fall (WVI + WQCI) population","CK-33","Chinook",4,"Data Deficient",3,0,2,0,5,"High",19
331,"Homathko_SU_x.x","HOMATH","CK27","HK+SFj/Ocean/Summer","Southern Mainland Ocean Summer","CK-34","Chinook",5,"Data Deficient",0,0,0,0,0,"None",2
332,"Klinaklini_SU_1.3","KLINA","CK28","HK+SFj/Stream/Summer","Southern Mainland Stream Summer","CK-35","Chinook",5,"Data Deficient",0,0,0,0,0,"None",2
333,"Upper Adams River_SU_x.x","UAdams-summer","CK29","STh+GStr/Stream/Summer","Upper Adams, Stream, Summer","CK-82","Chinook",5,NA,0,0,0,0,0,"None",1
304,"Lower Fraser River_SP_1.3","LFR-spring","CK3","LFR+GStr/Stream/Spring","Lower Fraser, Stream, Spring population (Birkenhead)","CK-4","Chinook",5,"Special Concern",2,1,5,0,8,"Low",2
805,"Haida Gwaii-North",NA,"CK30","HGN","Haida Gwaii-North Ocean/Stream, Summer","CK-43","Chinook",6,NA,0,0,0,0,0,"Moderate",2
806,"Haida Gwaii-East",NA,"CK31","HGE","Haida Gwaii-East Ocean, Fall","CK-44","Chinook",6,NA,0,0,0,0,0,"None",6
509,"Docee",NA,"CK32","SMITH","Smith Inlet, Ocean, Summer","CK-36","Chinook",4,NA,0,0,0,0,0,"None",1
510,"Rivers Inlet",NA,"CK33","RIVERS","Rivers Inlet, Stream, Summer","CK-37","Chinook",5,NA,1,3,1,3,8,"Low",14
511,"Wannock",NA,"CK34","WANN","Wannock","CK-38","Chinook",5,NA,1,3,2,3,9,"Moderate",1
512,"Bella Coola-Bentinck",NA,"CK35","BCR-BENT","Bella Coola-Bentinck, Ocean, Summer","CK-39","Chinook",5,NA,1,5,2,5,13,"High",9
513,"Dean River",NA,"CK36","DEAN","Dean River, Stream, Summer","CK-40","Chinook",5,NA,1,5,1,3,10,"None",1
514,"NCC-late timing",NA,"CK37","NCC Late","North & Central Coast Late, Ocean/Stream, Summer","CK-41","Chinook",5,NA,0,0,0,0,0,"None",16
515,"NCC-early timing",NA,"CK38","NCC early","North & Central Coast Early, Ocean, Spring","CK-42","Chinook",5,NA,0,1,3,3,7,"Moderate",46
NA,NA,NA,"CK39","HecLow","HecLow, Ocean/Stream, Summer",NA,"Chinook",NA,NA,NA,NA,NA,NA,NA,NA,NA
305,"Lower Fraser River-Upper Pitt_SU_1.3","LFR-UPITT","CK4","LFR+GStr/Stream/Summer(Upper Pitt)","Lower Fraser, Stream, Summer (Upper Pitt) population","CK-5","Chinook",5,"Endangered",0,0,0,0,0,"Low",1
224,"Skeena Estuary-CK",NA,"CK40","SKEst","Skeena Estuary, Stream, Summer","CK-45","Chinook",6,NA,0,0,0,0,0,"Moderate",4
205,"Ecstall",NA,"CK41","ECST","Ecstall, Ocean, Summer","CK-46","Chinook",6,NA,0,0,0,0,0,"None",4
210,"Lower Skeena-CK",NA,"CK42","LSK","Lower Skeena, Stream, Summer","CK-48","Chinook",6,NA,1,3,1,5,10,"Low",20
227,"Lakelse-CK",NA,"CK42","LSK","Lower Skeena, Stream, Summer","CK-51","Chinook",6,NA,0,0,0,0,0,"Low",5
229,"Zymoetz",NA,"CK42","LSK","Lower Skeena, Stream, Summer","CK-80","Chinook",6,NA,0,0,0,0,0,"None",6
206,"Kalum-early timing",NA,"CK43","KALUM-E","Kalum ? Early Timing, Stream, Spring","CK-49","Chinook",6,NA,0,0,0,0,0,"Low",2
207,"Kalum-late timing",NA,"CK44","KALUM-L","Kalum ? Late Timing, Stream, Summer","CK-50","Chinook",6,NA,1,5,4,5,15,"High",7
221,"Upper Bulkley River",NA,"CK45",NA,"Bulkley River, Stream, Spring","CK-55","Chinook",6,NA,0,0,0,0,0,"High",4
222,"Middle Skeena-large lakes",NA,"CK46","MSK-LKS","Middle Skeena ? Lakes, Stream, Summer","CK-53","Chinook",6,NA,3,5,5,5,18,"High",17
217,"Middle Skeena-mainstem tributaries",NA,"CK47","MSK-M/S","Middle Skeena-M/S Tributary, Stream, Summer","CK-54","Chinook",6,NA,1,4,2,5,12,"Low",28
212,"Upper Skeena-CK",NA,"CK48","USK","Upper Skeena River, Stream, Spring","CK-56","Chinook",6,NA,0,0,0,0,0,"None",6
241,"Sicintine",NA,"CK48",NA,"Upper Skeena River, Stream, Spring","CK-81","Chinook",6,NA,0,0,0,0,0,"None",1
401,"Portland Sound-Observatory Inlet-Lower Nass",NA,"CK49","LNR-P","Lower Nass River, Stream, Summer","CK-57","Chinook",5,NA,1,2,2,5,10,"Low",16
306,"Lower Fraser River_SU_1.3","LFR-summer","CK5","LFR+GStr/Stream/Summer","Lower Fraser, Stream, Summer (Lillooet) population","CK-6","Chinook",5,"Threatened",0,0,0,0,0,"Low",9
402,"Upper Nass",NA,"CK50","UNR","Upper Nass River, Stream, Summer","CK-58","Chinook",5,NA,2,5,5,5,17,"None",17
1012,"UNUK RIVER","UNUK","CK51","UNUK","Unuk River, Stream Summer","CK-59","Chinook",NA,NA,NA,NA,NA,NA,NA,NA,NA
1010,"STIKINE-EARLY TIMING","LSTK-early","CK52","LSTK-E","Stikine - early timing Stream Summer","CK-60","Chinook",NA,NA,NA,NA,NA,NA,NA,NA,4
1011,"STIKINE-LATE TIMING","LSTK-late","CK53","LSTK-L","Stikine - late Stream Summer timing","CK-61","Chinook",NA,NA,NA,NA,NA,NA,NA,NA,3
1009,"WHITING RIVER","WHITING","CK54","WHITING","Whiting River, Stream Summer","CK-62","Chinook",NA,NA,NA,NA,NA,NA,NA,NA,NA
1006,"TAKU-EARLY TIMING","Taku-early","CK55","TAKU-E","Taku - early Stream Summer","CK-63","Chinook",NA,NA,NA,NA,NA,NA,NA,NA,4
1007,"TAKU-MID TIMING","Taku-mid","CK56","TAKU-M","Taku - mid Stream Summer","CK-64","Chinook",NA,NA,NA,NA,NA,NA,NA,NA,1
1008,"TAKU-LATE TIMING","Taku-late","CK57","TAKU-L","Taku - late Stream Summer","CK-65","Chinook",NA,NA,NA,NA,NA,NA,NA,NA,4
1005,"LYNN CANAL","LYNN","CK58","LYNN","Chilkat Stream Spring","CK-66","Chinook",NA,NA,NA,NA,NA,NA,NA,NA,NA
1004,"ALSEK","ALSEK","CK59","ALSEK","Alsek Stream Summer","CK-67","Chinook",NA,NA,NA,NA,NA,NA,NA,NA,5
307,"Maria Slough_SU_0.3","Maria","CK6","LFR+GStr/Ocean/Summer","Lower Fraser, Ocean, Summer (Maria Slough) population","CK-7","Chinook",4,"Endangered",0,0,0,0,0,"High",1
1212,"Yukon River-Teslin headwaters","Teslin","CK60","YUK-TESLIN","Yukon - Teslin Headwaters Stream Summer","CK-68","Chinook",NA,NA,NA,NA,NA,NA,NA,NA,8
1211,"Upper Yukon River","UpperYR","CK60","YUK-TESLIN","Yukon - Teslin Headwaters Stream Summer","CK-69","Chinook",NA,NA,NA,NA,NA,NA,NA,NA,8
1201,"Big Salmon","BigSal","CK61","BSALR","Big Salmon River Stream Summer","CK-70","Chinook",NA,NA,NA,NA,NA,NA,NA,NA,NA
1202,"Nordenskiold","Norden","CK62","NORDEN","Nordenskiold Stream Summer","CK-71","Chinook",NA,NA,NA,NA,NA,NA,NA,NA,1
1204,"Middle Yukon River and tributaries","MidYR","CK63","MidYR","Mid-Yukon River and Trib Stream Summer","CK-73","Chinook",NA,NA,NA,NA,NA,NA,NA,NA,3
1205,"Stewart","Stew","CK64","PELLY","Pelly River Stream Summer","CK-74","Chinook",NA,NA,NA,NA,NA,NA,NA,NA,5
1203,"Pelly","Pelly","CK64","PELLY","Pelly River Stream Summer","CK-72","Chinook",NA,NA,NA,NA,NA,NA,NA,NA,17
1206,"White and tributaries","White","CK65","WHITE","White River and Trib Stream Summer","CK-75","Chinook",NA,NA,NA,NA,NA,NA,NA,NA,2
1207,"Northern Yukon River and tributaries","NYR","CK66","NYR","N Yukon River and Trib Stream Summer","CK-76","Chinook",NA,NA,NA,NA,NA,NA,NA,NA,4
1209,"Porcupine","Porcu","CK67","PORCR","Porcupine River Stream Summer","CK-78","Chinook",NA,NA,NA,NA,NA,NA,NA,NA,1
1210,"Old Crow","OldC","CK68","OCROW","Old Crow River Stream Summer","CK-79","Chinook",NA,NA,NA,NA,NA,NA,NA,NA,NA
301,"Okanagan","OK","CK69","OK+ORWA/Ocean/Fall","Okanagan River, Ocean, Fall","CK-1","Chinook",NA,"Endangered",NA,NA,NA,NA,NA,"None",1
308,"Middle Fraser-Fraser Canyon_SP_1.3","NAHAT","CK7","FRCanyGStr/Stream/Spring","Middle Fraser, Stream, Spring (FR Canyon) population","CK-8","Chinook",5,"Endangered",0,0,0,0,0,"None",2
309,"Middle Fraser River-Portage_FA_1.3","Portage","CK8","MFR+GStr/Stream/Fall","Middle Fraser, Stream, Fall (Portage) population","CK-9","Chinook",5,"Endangered",0,0,0,0,0,"None",1
310,"Middle Fraser River_SP_1.3","MFR-spring","CK9","MFR+GStr/Stream/Spring","Middle Fraser, Stream, Spring (MFR+GStr) population","CK-10","Chinook",5,"Threatened",2,0,5,0,7,"Moderate",25
701,"Lower Fraser",NA,"CM01",NA,"Lower Fraser","CM-2","Chum",4,NA,3,0,2,0,5,"Moderate",104
904,"Georgia Strait",NA,"CM02",NA,"Georgia Strait Mainland","CM-4","Chum",4,NA,3,5,4,0,12,"Moderate",160
905,"Howe Sound-Burrand Inlet",NA,"CM03",NA,"Howe Sound-Burrand Inlet","CM-3","Chum",4,NA,0,0,0,0,0,"Moderate",65
904,"Georgia Strait",NA,"CM04",NA,"E Vancouver Is - Georgia Strait","CM-4","Chum",4,NA,3,5,4,0,12,"Moderate",160
900,"Southern Coastal Streams",NA,"CM05",NA,"South Coastal Streams - Queen Charlotte Strait - Johntsone Strait - Southern Fjords","CM-8","Chum",4,NA,3,0,1,0,4,"Low",58
902,"Loughborough",NA,"CM06",NA,"Loughborough Inlet","CM-6","Chum",4,NA,2,1,3,0,6,"Low",40
901,"Bute Inlet",NA,"CM07",NA,"Bute Inlet","CM-7","Chum",4,NA,0,0,0,0,0,"Moderate",7
979,"Upper Knight",NA,"CM08",NA,"Upper Knight Inlet","CM-9","Chum",4,NA,0,0,0,0,0,"None",6
903,"Northeast Vancouver Island",NA,"CM09",NA,"E Vancouver Is - Johnstone Strait - Southern Fjords","CM-5","Chum",4,NA,1,1,4,0,6,"Moderate",21
904,"Georgia Strait",NA,"CM10",NA,"West Vancouver Island","CM-4","Chum",4,NA,3,5,4,0,12,"Moderate",160
978,"Southwest & West  Vancouver Island",NA,"CM10",NA,"West Vancouver Island","CM-10","Chum",4,NA,3,0,4,3,10,"Moderate",188
977,"Northwest Vancouver Island",NA,"CM11",NA,"Northwest Vancouver Island","CM-11","Chum",4,NA,2,1,3,3,9,"Moderate",63
804,"Skidegate",NA,"CM12",NA,"Haida Gwaii - West","CM-22","Chum",5,NA,1,3,4,2,10,"Moderate",41
803,"West Haida Gwaii",NA,"CM12",NA,"Haida Gwaii - West","CM-23","Chum",5,NA,1,2,3,2,8,"Low",62
802,"North Haida Gwaii",NA,"CM13",NA,"Haida Gwaii - Noth","CM-24","Chum",5,NA,1,2,2,2,7,"None",12
800,"North Haida Gwaii-Stanley Creek",NA,"CM14",NA,"Stanley Creek","CM-25","Chum",5,NA,1,5,0,2,8,"None",1
801,"East HG",NA,"CM15",NA,"Haida Gwaii - East","CM-21","Chum",5,NA,1,2,4,2,9,"Low",95
804,"Skidegate",NA,"CM15",NA,"Haida Gwaii - East","CM-22","Chum",5,NA,1,3,4,2,10,"Moderate",41
501,"Rivers Inlet",NA,"CM16",NA,"Rivers Inlet","CM-13","Chum",4,NA,1,2,2,2,7,"None",17
500,"Smith Inlet",NA,"CM17",NA,"Smith Inlet","CM-12","Chum",4,NA,1,5,3,2,11,"None",11
502,"Wannock",NA,"CM18",NA,"Wannock River","CM-14","Chum",4,NA,0,0,0,0,0,"Low",1
504,"Bella Colla-Dean Rivers",NA,"CM19",NA,"Bella Coola - Dean Rivers","CM-16","Chum",4,NA,1,5,4,2,12,"Moderate",23
505,"Bella Coola River-Late",NA,"CM20",NA,"Bella Coola River - Late","CM-17","Chum",4,NA,0,0,0,0,0,"Moderate",9
506,"Hecate Lowlands",NA,"CM21",NA,"Hecate Strait Mainland","CM-18","Chum",4,NA,1,3,3,2,9,"Moderate",147
503,"Spiller-Fitz-Hugh-Burke",NA,"CM22",NA,"Spiller-Fitzhugh-Burke","CM-15","Chum",4,NA,1,3,3,2,9,"Moderate",69
507,"Mussel-Kynock",NA,"CM23",NA,"Mussel-Kynoch","CM-19","Chum",4,NA,1,5,4,2,12,"None",14
508,"Douglas-Gardner",NA,"CM24",NA,"Northern Coastal Streams","CM-20","Chum",4,NA,2,2,5,2,11,"Moderate",65
220,"Skeena Estuary-CM",NA,"CM25",NA,"Skeena Estuary","CM-26","Chum",NA,NA,0,2,1,3,6,"Moderate",28
211,"Lower Skeena-CM",NA,"CM26",NA,"Lower Skeena","CM-27","Chum",4,NA,1,4,2,3,10,"Low",41
214,"Middle Skeena-CM",NA,"CM27",NA,"Middle Skeena","CM-28","Chum",NA,NA,2,3,2,3,10,"None",18
404,"Portland Inlet",NA,"CM28",NA,"Portland Canal","CM-30","Chum",4,NA,1,5,1,3,10,"Low",19
405,"Lower Nass",NA,"CM29",NA,"Lower Nass River","CM-31","Chum",4,NA,0,0,4,3,7,"None",20
406,"Portland Canal-Observatory",NA,"CM30",NA,"Portland Canal - Observatory Inlet","CM-32","Chum",4,NA,0,5,4,3,12,"Low",17
1003,"UNUK RIVER","UNUK","CM32","UNUK","Unuk","CM-33","Chum",NA,NA,NA,NA,NA,NA,NA,NA,NA
1032,"LOWER STIKINE","LStk","CM33","LOWER STIKINE","Lower Stikine","CM-34","Chum",NA,NA,NA,NA,NA,NA,NA,NA,NA
1002,"WHITING RIVER","WHTNG","CM34","WHITING","Whiting","CM-35","Chum",NA,NA,NA,NA,NA,NA,NA,NA,NA
1001,"TAKU","TAKU","CM35","TAKU","Taku","CM-36","Chum",NA,NA,NA,NA,NA,NA,NA,NA,NA
1000,"LYNN CANAL","LYNN","CM36","CHILKAT","Chilkat","CM-37","Chum",NA,NA,NA,NA,NA,NA,NA,NA,NA
NA,NA,NA,"CM37","ALSEK","Alsek",NA,"Chum",NA,NA,NA,NA,NA,NA,NA,NA,NA
1219,"Teslin","TESLIN","CM38",NA,"Yukon - Teslin Headwaters","CM-38","Chum",NA,NA,NA,NA,NA,NA,NA,NA,1
1213,"Middle Yukon","MYR","CM39",NA,"Mid-Yukon River and Tributaries","CM-42","Chum",NA,NA,NA,NA,NA,NA,NA,NA,1
1218,"Stewart","STEW","CM40",NA,"Pelly - Stewart","CM-48","Chum",NA,NA,NA,NA,NA,NA,NA,NA,NA
1216,"Donjek Kluane","Donjek","CM41",NA,"White River and Tributaries","CM-45","Chum",NA,NA,NA,NA,NA,NA,NA,NA,2
1215,"White","White","CM41",NA,"White River and Tributaries","CM-44","Chum",NA,NA,NA,NA,NA,NA,NA,NA,1
1214,"N Yukon River","NYR","CM42",NA,"N Yukon River and Tributaries","CM-43","Chum",NA,NA,NA,NA,NA,NA,NA,NA,4
1217,"Porcupine River","Porcu","CM43",NA,"Porcupine","CM-46","Chum",NA,NA,NA,NA,NA,NA,NA,NA,2
1102,"Peel River","PEEL","CM44",NA,"Peel River","CM-40","Chum",NA,NA,NA,NA,NA,NA,NA,NA,NA
1101,"Lower Liard","LIARD","CM45",NA,"Lower Liard","CM-39","Chum",NA,NA,NA,NA,NA,NA,NA,NA,NA
906,"Boundary Bay","BB","CO01","BB","Boundary Bay","CO-1","Coho",3,NA,0,0,0,0,0,"High",4
750,"Lower Fraser","LFR","CO02","LFR","Lower Fraser","CO-47","Coho",3,NA,0,0,0,0,0,"Moderate",114
704,"Lillooet","LILL","CO03","LILL","Lillooet","CO-4","Coho",3,NA,0,0,0,0,0,"Moderate",16
705,"Fraser Canyon","FRCany","CO04","FRCany","Fraser Canyon","CO-5","Coho",3,"Threatened",3,0,5,0,8,"Moderate",10
749,"Interior Fraser","MFR","CO05","MFR","Middle Fraser","CO-48","Coho",3,"Threatened",3,0,4,0,7,"None",23
707,"Lower Thompson","LTHOM","CO06","LTHOM","Lower Thompson","CO-7","Coho",3,"Threatened",5,0,5,0,10,"Moderate",9
708,"South Thompson","STHOM","CO07","STHOM","South Thompson","CO-8","Coho",3,"Threatened",3,0,4,0,7,"Moderate",46
709,"North Thompson","NTHOM","CO08","NTHOM","North Thompson","CO-9","Coho",3,"Threatened",3,0,5,0,8,"Moderate",37
908,"Georgia Strait Mainland","SC+GStr","CO09","SC+GStr","Georgia Strait Mainland","CO-11","Coho",3,NA,3,0,2,0,5,"Moderate",57
907,"Howe Sound-Burrard Inlet","Howe-Burrard","CO10","Howe-Burrard","Howe Sound-Burrard Inlet","CO-10","Coho",3,NA,0,0,0,0,0,"Moderate",69
910,"East Vancouver Island-Georgia Strait","EVI+GStr","CO11","EVI+GStr","East Vancouver Island-Georgia Strait","CO-13","Coho",3,NA,3,0,2,0,5,"Moderate",108
909,"Southern Coastal Streams-Queen Charlotte Strait-Johnstone Strait-Southern Fjords","SC+SFj","CO12","SC+SFj","South Coastal Streams-QCStr-JStr-SFjords","CO-12","Coho",3,NA,3,0,1,0,4,"Moderate",117
916,"Homathko-Klinaklini Rivers","HK","CO13","HK+SFj","Homathko-Klinaklini","CO-19","Coho",3,NA,0,0,0,0,0,"None",4
911,"East Vancouver Island-Johnstone Strait-Southern Fjords","EVI+SFj","CO14","EVI+SFj","E Vancouver Is ? Johnstone Strait-SFjords","CO-14","Coho",3,NA,3,0,5,0,8,"Moderate",16
915,"Clayoquot","CLAY","CO15","WVI","West Vancouver Island","CO-18","Coho",3,NA,3,0,3,0,6,"Moderate",46
914,"West Vancouver Island","WVI","CO15","WVI","West Vancouver Island","CO-17","Coho",3,NA,3,0,3,0,6,"Moderate",126
913,"Juan de Fuca-Pachena","JdF","CO16","JdF","Juan de Fuca-Pachena","CO-16","Coho",3,NA,3,0,3,0,6,"Moderate",26
912,"Nahwitti Lowland","Nahwitti","CO17","NWVI","Northwest Vancouver Island","CO-15","Coho",3,NA,4,0,5,0,9,"Moderate",76
808,"HG-WEST","WQCI","CO18","WHG","Haida Gwaii - West","CO-24","Coho",3,NA,1,1,2,3,7,"Low",66
809,"HG-GRAHAM ISLAND LOWLANDS","NQCI","CO19","NHG","Haida Gwaii - North","CO-25","Coho",3,NA,1,1,3,3,8,"Moderate",28
807,"HG-EAST","EQCI","CO20","EHG","Haida Gwaii - East","CO-23","Coho",3,NA,1,1,3,3,8,"Moderate",110
517,"Rivers Inlet","Rivers","CO21","RSI","Rivers-Smith Inlet","CO-21","Coho",3,NA,0,0,0,0,0,"Moderate",24
516,"Smith Inlet","Smith","CO21","RSI","Rivers-Smith Inlet","CO-20","Coho",3,NA,1,5,1,3,10,"None",13
518,"Bella Coola-Dean Rivers","BCD","CO22","BCD","Bella Coola - Dean Rivers","CO-22","Coho",3,NA,1,5,4,1,11,"Moderate",32
520,"Hecate Strait Mainland","HecLow+HStr","CO23","HecLow","Hecate Strait Mainland","CO-27","Coho",3,NA,1,3,1,1,6,"Moderate",185
521,"Brim-Wahoo","BRIM","CO24","NCS","Northern Coastal Streams","CO-28","Coho",3,NA,0,5,5,1,11,"None",NA
522,"Douglas Channel-Kitimat Arm","DOUG","CO24","NCS","Northern Coastal Streams","CO-29","Coho",3,NA,0,2,4,1,7,"Moderate",33
519,"Mussel-Kynoch","MusKyn","CO24","NCS","Northern Coastal Streams","CO-26","Coho",3,NA,1,3,2,1,7,"None",14
523,"N Coastal Streams","NCS","CO24","NCS","Northern Coastal Streams","CO-30","Coho",3,NA,1,5,4,1,11,"Low",62
225,"Skeena Estuary-CO","NSKEst","CO25","NSKEst","Skeena Estuary","CO-31","Coho",3,NA,0,0,0,0,0,"Moderate",30
202,"Lower Skeena-CO","LSKNA","CO26","LSK","Lower Skeena","CO-32","Coho",3,NA,1,3,2,3,9,"Moderate",93
215,"Middle Skeena-CO","MSKNA","CO27","MSK","Middle Skeena","CO-33","Coho",3,NA,1,2,2,3,8,"Moderate",90
231,"Upper Skeena-CO","USKNA","CO28","USK","Upper Skeena","CO-34","Coho",3,NA,4,4,3,3,14,"None",19
408,"Lower Nass","LNASS","CO29","LNR-P","Lower Nass - Portland Canal","CO-35","Coho",3,NA,1,1,4,3,9,"Low",23
410,"Portland Sound-Observatory Inlet-Portland Canal","PORT","CO29","LNR-P","Lower Nass - Portland Canal","CO-37","Coho",3,NA,1,1,2,3,7,"Low",33
409,"Upper Nass","UNASS","CO30","UNR","Upper Nass","CO-36","Coho",3,NA,2,2,4,3,11,"None",13
1018,"UNUK RIVER","UNUK","CO31","Unuk","Unuk","CO-38","Coho",3,NA,NA,NA,NA,NA,NA,NA,NA
1017,"LOWER STIKINE","LStk","CO32","LStk","Lower Stikine","CO-39","Coho",3,NA,NA,NA,NA,NA,NA,NA,8
1016,"WHITING RIVER","Whiting","CO33","Whiting","Whiting River","CO-40","Coho",3,NA,NA,NA,NA,NA,NA,NA,NA
1034,"TAKU-EARLY TIMING","Taku","CO34","Taku","Taku","CO-41","Coho",3,NA,NA,NA,NA,NA,NA,NA,8
1015,"TAKU-LATE TIMING","Taku","CO34","Taku","Taku","CO-42","Coho",3,NA,NA,NA,NA,NA,NA,NA,NA
1035,"TAKU-MID TIMING","Taku","CO34","Taku","Taku","CO-43","Coho",3,NA,NA,NA,NA,NA,NA,NA,NA
1014,"LYNN CANAL","LYNN","CO35","LYNN","Chilkat","CO-44","Coho",3,NA,NA,NA,NA,NA,NA,NA,NA
1013,"ALSEK RIVER","Alsek","CO36","Alsek","Alsek","CO-45","Coho",3,NA,NA,NA,NA,NA,NA,NA,1
1120,"Porcupine River","PORC","CO37","Yukon","Porcupine","CO-46","Coho",3,NA,NA,NA,NA,NA,NA,NA,NA
NA,"(P)Hatchery Exclusion-Lower Fraser River",NA,NA,NA,NA,NA,"Chinook",NA,NA,NA,NA,NA,NA,NA,NA,NA
NA,"includes production from major hatchery facilities at Conuma, Stamp, and Nitinat rivers",NA,NA,NA,NA,NA,"Chinook",NA,NA,NA,NA,NA,NA,NA,NA,NA
1208,"Salmon Fork","SFork",NA,NA,NA,"CK-77","Chinook",NA,NA,NA,NA,NA,NA,NA,NA,NA
NA,"not yet defined; includes some seapen releases",NA,NA,NA,NA,NA,"Pink",NA,NA,NA,NA,NA,NA,NA,NA,NA
921,"East Howe Sound-Burrard Inlet",NA,NA,NA,NA,"PKO-2","Pink",2,NA,0,0,0,3,3,"Moderate",13
751,"Adams and Momich Lakes_Early Summer",NA,NA,NA,"Adams ES","SEL-09-xx","Sockeye-Lake",4,"Extinct",0,0,0,0,0,"None",5
NA,"Francois-First Run-Early Summer timing",NA,NA,NA,NA,NA,"Sockeye-Lake",NA,NA,NA,NA,NA,NA,NA,NA,NA
NA,"Francois-Second Run-Early Summer timing",NA,NA,NA,NA,NA,"Sockeye-Lake",NA,NA,NA,NA,NA,NA,NA,NA,NA
NA,"Indian/Kruger-Early Summer timing",NA,NA,NA,NA,NA,"Sockeye-Lake",NA,NA,NA,NA,NA,NA,NA,NA,NA
NA,"Kitwancool",NA,NA,NA,NA,NA,"Sockeye-Lake",NA,NA,NA,NA,NA,NA,NA,NA,NA
NA,"Osoyoos",NA,NA,NA,NA,NA,"Sockeye-Lake",NA,NA,NA,NA,NA,NA,NA,NA,NA
NA,"Sockeye Creek",NA,NA,NA,NA,NA,"Sockeye-Lake",NA,NA,NA,NA,NA,NA,NA,NA,NA
NA,"Tuwartz",NA,NA,NA,NA,NA,"Sockeye-Lake",NA,NA,NA,NA,NA,NA,NA,NA,NA
530,"Soda Creek",NA,NA,NA,NA,"SEL-18-10","Sockeye-Lake",5,NA,0,0,0,0,0,"None",NA
204,"Babine-Pinkut",NA,NA,NA,NA,NA,"Sockeye-Lake",5,NA,NA,NA,NA,NA,NA,NA,NA
186,"Nilkitkwa",NA,NA,NA,NA,"SEL-21-02-LW","Sockeye-Lake",5,NA,3,5,5,5,18,"None",NA
188,"Swan",NA,NA,NA,NA,"SEL-21-10","Sockeye-Lake",5,NA,0,2,3,5,10,"None",NA
182,"Club Lake",NA,NA,NA,NA,NA,"Sockeye-Lake",5,NA,NA,NA,NA,NA,NA,NA,NA
751,"Adams and Momich Lakes_Early Summer",NA,NA,NA,"Momich-ES","SEL-09-xx","Sockeye-Lake",4,"Endangered",0,0,0,0,0,"None",5
917,"Georgia Strait",NA,"PE01",NA,"Georgia Strait Mainland","PKE-1","Pink",2,NA,4,4,4,3,15,"Moderate",68
917,"Georgia Strait",NA,"PE01",NA,"Georgia Strait Mainland","PKE-1","Pink",2,NA,4,4,4,3,15,"Moderate",68
917,"Georgia Strait",NA,"PE02",NA,"E Vancouver Is - Georgia Strait","PKE-1","Pink",2,NA,4,4,4,3,15,"Moderate",68
917,"Georgia Strait",NA,"PE02",NA,"E Vancouver Is - Georgia Strait","PKE-1","Pink",2,NA,4,4,4,3,15,"Moderate",68
920,"Southern Fjords",NA,"PE03",NA,"South Coastal Streams - Queen Charlotte Strait - Johnstone Strait - Southern Fjords","PKE-4","Pink",2,NA,3,2,4,3,12,"Moderate",102
920,"Southern Fjords",NA,"PE03",NA,"South Coastal Streams - Queen Charlotte Strait - Johnstone Strait - Southern Fjords","PKE-4","Pink",2,NA,3,2,4,3,12,"Moderate",102
920,"Southern Fjords",NA,"PE04",NA,"Homathko - Klinaklini","PKE-4","Pink",2,NA,3,2,4,3,12,"Moderate",102
920,"Southern Fjords",NA,"PE04",NA,"Homathko - Klinaklini","PKE-4","Pink",2,NA,3,2,4,3,12,"Moderate",102
920,"Southern Fjords",NA,"PE05",NA,"E Vancouver Is - Johnstone Strait - Southern Fjords","PKE-4","Pink",2,NA,3,2,4,3,12,"Moderate",102
920,"Southern Fjords",NA,"PE05",NA,"E Vancouver Is - Johnstone Strait - Southern Fjords","PKE-4","Pink",2,NA,3,2,4,3,12,"Moderate",102
918,"West Vancouver Island",NA,"PE06",NA,"West Vancouver Island","PKE-2","Pink",2,NA,0,0,0,0,0,"Low",85
919,"Northwest Vancouver Island",NA,"PE07",NA,"Northwest Vancouver Island","PKE-3","Pink",2,NA,0,0,0,0,0,"Low",35
812,"West Haida Gwaii",NA,"PE08",NA,"Haida Gwaii - West","PKE-11","Pink",2,NA,0,2,1,2,5,"None",66
812,"West Haida Gwaii",NA,"PE08",NA,"Haida Gwaii - West","PKE-11","Pink",2,NA,0,2,1,2,5,"None",66
810,"North Haida Gwaii",NA,"PE09",NA,"Haida Gwaii - North","PKE-09","Pink",2,NA,0,3,1,2,6,"None",NA
810,"North Haida Gwaii",NA,"PE09",NA,"Haida Gwaii - North","PKE-09","Pink",2,NA,0,3,1,2,6,"None",NA
811,"East Haida Gwaii",NA,"PE10",NA,"Haida Gwaii - East","PKE-10","Pink",2,NA,0,2,1,2,5,"Low",100
811,"East Haida Gwaii",NA,"PE10",NA,"Haida Gwaii - East","PKE-10","Pink",2,NA,0,2,1,2,5,"Low",100
608,"Hecate Lowlands",NA,"PE11",NA,"Rivers - Smith Inlets","PKE-05","Pink",2,NA,0,4,3,2,9,"None",NA
608,"Hecate Lowlands",NA,"PE11",NA,"Rivers - Smith Inlets","PKE-05","Pink",2,NA,0,4,3,2,9,"None",NA
609,"Hecate Strait-Fjords",NA,"PE12",NA,"Bella Coola - Dean Rivers","PKE-06","Pink",2,NA,0,4,4,2,10,"None",NA
609,"Hecate Strait-Fjords",NA,"PE12",NA,"Bella Coola - Dean Rivers","PKE-06","Pink",2,NA,0,4,4,2,10,"None",NA
609,"Hecate Strait-Fjords",NA,"PE12",NA,"Bella Coola - Dean Rivers","PKE-06","Pink",2,NA,0,4,4,2,10,"None",NA
609,"Hecate Strait-Fjords",NA,"PE12",NA,"Bella Coola - Dean Rivers","PKE-06","Pink",2,NA,0,4,4,2,10,"None",NA
608,"Hecate Lowlands",NA,"PE13",NA,"Hecate Strait Mainland","PKE-05","Pink",2,NA,0,4,3,2,9,"None",NA
608,"Hecate Lowlands",NA,"PE13",NA,"Hecate Strait Mainland","PKE-05","Pink",2,NA,0,4,3,2,9,"None",NA
609,"Hecate Strait-Fjords",NA,"PE14",NA,"Northern Coastal Streams","PKE-06","Pink",2,NA,0,4,4,2,10,"None",NA
609,"Hecate Strait-Fjords",NA,"PE14",NA,"Northern Coastal Streams","PKE-06","Pink",2,NA,0,4,4,2,10,"None",NA
609,"Hecate Strait-Fjords",NA,"PE14",NA,"Northern Coastal Streams","PKE-06","Pink",2,NA,0,4,4,2,10,"None",NA
609,"Hecate Strait-Fjords",NA,"PE14",NA,"Northern Coastal Streams","PKE-06","Pink",2,NA,0,4,4,2,10,"None",NA
219,"Nass-Skeena Estuary (even)",NA,"PE15",NA,"Skeena Estuary","PKE-07","Pink",2,NA,0,4,3,3,10,"Low",NA
240,"Lower Skeena (even)",NA,"PE16",NA,"Lower Skeena","PKE-7","Pink",2,NA,0,0,0,0,0,NA,164
219,"Nass-Skeena Estuary (even)",NA,"PE16",NA,"Lower Skeena","PKE-07","Pink",2,NA,0,4,3,3,10,"Low",NA
218,"Middle-Upper Skeena (even)",NA,"PE17",NA,"Middle Skeena","PKE-08","Pink",2,NA,0,4,2,3,9,"None",NA
218,"Middle-Upper Skeena (even)",NA,"PE18",NA,"Upper Skeena","PKE-08","Pink",2,NA,0,4,2,3,9,"None",NA
219,"Nass-Skeena Estuary (even)",NA,"PE19",NA,"Lower Nass - Portland Canal","PKE-07","Pink",2,NA,0,4,3,3,10,"Low",NA
415,"Upper Nass",NA,"PE20",NA,"Upper Nass","PKE-12","Pink",NA,NA,0,0,0,0,0,"None",6
1019,"TRANSBOUNDARY FJORDS","TBFj","PE21","UNUK","Unuk","PKE-13","Pink",NA,NA,NA,NA,NA,NA,NA,NA,1
1019,"TRANSBOUNDARY FJORDS","TBFj","PE22","LSTK","Lower Stikine","PKE-13","Pink",NA,NA,NA,NA,NA,NA,NA,NA,1
1019,"TRANSBOUNDARY FJORDS","TBFj","PE23","WHITING","Whiting","PKE-13","Pink",NA,NA,NA,NA,NA,NA,NA,NA,1
1019,"TRANSBOUNDARY FJORDS","TBFj","PE24","TAKU","Taku","PKE-13","Pink",NA,NA,NA,NA,NA,NA,NA,NA,1
1019,"TRANSBOUNDARY FJORDS","TBFj","PE25","CHILKAT","Chilkat","PKE-13","Pink",NA,NA,NA,NA,NA,NA,NA,NA,1
NA,NA,NA,"PE26","ALSEK","Alsek",NA,"Pink",NA,NA,NA,NA,NA,NA,NA,NA,NA
710,"Fraser River",NA,"PO01",NA,"Lower Fraser","PKO-1","Pink",2,NA,5,5,5,5,20,"Moderate",96
710,"Fraser River",NA,"PO02",NA,"Lillooet","PKO-1","Pink",2,NA,5,5,5,5,20,"Moderate",96
710,"Fraser River",NA,"PO03",NA,"Fraser Canyon","PKO-1","Pink",2,NA,5,5,5,5,20,"Moderate",96
710,"Fraser River",NA,"PO04",NA,"Middle Fraser","PKO-1","Pink",2,NA,5,5,5,5,20,"Moderate",96
710,"Fraser River",NA,"PO05",NA,"Upper Fraser","PKO-1","Pink",2,NA,5,5,5,5,20,"Moderate",96
710,"Fraser River",NA,"PO06",NA,"Lower Thompson","PKO-1","Pink",2,NA,5,5,5,5,20,"Moderate",96
710,"Fraser River",NA,"PO07",NA,"South Thompson","PKO-1","Pink",2,NA,5,5,5,5,20,"Moderate",96
710,"Fraser River",NA,"PO08",NA,"North Thompson","PKO-1","Pink",2,NA,5,5,5,5,20,"Moderate",96
922,"Georgia Strait",NA,"PO09",NA,"Georgia Strait Mainland","PKO-3","Pink",2,NA,3,3,5,3,14,"Moderate",78
922,"Georgia Strait",NA,"PO09",NA,"Georgia Strait Mainland","PKO-3","Pink",2,NA,3,3,5,3,14,"Moderate",78
923,"East Vancouver Island-Johnstone Strait",NA,"PO10",NA,"E Vancouver Is - Georgia Strait","PKO-4","Pink",2,NA,3,4,5,3,15,"Moderate",12
926,"Southern Fjords",NA,"PO11",NA,"South Coastal Streams - Queen Charlotte Strait - Johntsone Strait - Southern Fjords","PKO-7","Pink",2,NA,3,1,2,3,9,"None",48
926,"Southern Fjords",NA,"PO11",NA,"South Coastal Streams - Queen Charlotte Strait - Johntsone Strait - Southern Fjords","PKO-7","Pink",2,NA,3,1,2,3,9,"None",48
610,"Homathko-Klinaklini-Rivers-Smith-Bella Coola Dean",NA,"PO12",NA,"Homathko - Klinaklini","PKO-08","Pink",2,NA,0,2,1,2,5,"Low",NA
NA,NA,NA,"PO13",NA,"E Vancouver Is - Johnstone Strait - Southern Fjords",NA,"Pink",NA,NA,NA,NA,NA,NA,NA,NA,NA
925,"West Vancouver Island",NA,"PO14",NA,"West Vancouver Island","PKO-6","Pink",2,NA,0,0,0,0,0,"None",67
924,"Nahwitti",NA,"PO15",NA,"Northwest Vancouver Island","PKO-5","Pink",2,NA,5,2,3,3,13,"Moderate",24
815,"West Haida Gwaii",NA,"PO16",NA,"Haida Gwaii - West","PKO-11","Pink",2,NA,0,1,0,2,3,"None",39
815,"West Haida Gwaii",NA,"PO16",NA,"Haida Gwaii - West","PKO-11","Pink",2,NA,0,1,0,2,3,"None",39
814,"North Haida Gwaii",NA,"PO17",NA,"Haida Gwaii - North","PKO-10","Pink",2,NA,0,0,0,2,2,"None",13
814,"North Haida Gwaii",NA,"PO17",NA,"Haida Gwaii - North","PKO-10","Pink",2,NA,0,0,0,2,2,"None",13
813,"East Haida Gwaii",NA,"PO18",NA,"Haida Gwaii - East","PKO-09","Pink",2,NA,0,1,1,2,4,"Low",NA
813,"East Haida Gwaii",NA,"PO18",NA,"Haida Gwaii - East","PKO-09","Pink",2,NA,0,1,1,2,4,"Low",NA
610,"Homathko-Klinaklini-Rivers-Smith-Bella Coola Dean",NA,"PO19",NA,"Rivers-Smith Inlets","PKO-08","Pink",2,NA,0,2,1,2,5,"Low",NA
610,"Homathko-Klinaklini-Rivers-Smith-Bella Coola Dean",NA,"PO20",NA,"Bella Coola - Dean Rivers","PKO-08","Pink",2,NA,0,2,1,2,5,"Low",NA
611,"Hecate Strait-Lowlands",NA,"PO21",NA,"Hecate Strait Mainland","PKO-12","Pink",2,NA,1,3,3,2,9,"None",182
611,"Hecate Strait-Lowlands",NA,"PO21",NA,"Hecate Strait Mainland","PKO-12","Pink",2,NA,1,3,3,2,9,"None",182
612,"Hecate Strait-Fjords",NA,"PO22",NA,"Northern Coastal Streams","PKO-13","Pink",2,NA,1,4,3,2,10,"None",105
612,"Hecate Strait-Fjords",NA,"PO22",NA,"Northern Coastal Streams","PKO-13","Pink",2,NA,1,4,3,2,10,"None",105
612,"Hecate Strait-Fjords",NA,"PO22",NA,"Northern Coastal Streams","PKO-13","Pink",2,NA,1,4,3,2,10,"None",105
612,"Hecate Strait-Fjords",NA,"PO22",NA,"Northern Coastal Streams","PKO-13","Pink",2,NA,1,4,3,2,10,"None",105
223,"Nass-Skeena Estuary (odd)",NA,"PO23",NA,"Skeena Estuary","PKO-14","Pink",2,NA,1,2,3,3,9,"Low",37
209,"Lower Skeena (odd)",NA,"PO24",NA,"Lower Skeena","PKO-15","Pink",2,NA,1,3,2,3,9,"None",58
213,"Middle & Upper Skeena (odd)",NA,"PO25",NA,"Middle Skeena","PKO-16","Pink",2,NA,1,3,2,3,9,"None",65
213,"Middle & Upper Skeena (odd)",NA,"PO26",NA,"Upper Skeena","PKO-16","Pink",2,NA,1,3,2,3,9,"None",65
414,"Nass-Portland-Observatory",NA,"PO27",NA,"Lower Nass - Portland Canal","PKO-17","Pink",2,NA,1,4,2,3,10,"None",60
412,"Upper Nass",NA,"PO28",NA,"Upper Nass","PKO-18","Pink",NA,NA,0,0,0,0,0,"None",5
1020,"TRANSBOUNDARY FJORDS","TBFj","PO29","UNUK","Unuk","PKO-19","Pink",NA,NA,NA,NA,NA,NA,NA,NA,1
1020,"TRANSBOUNDARY FJORDS","TBFj","PO30","LSTK","Lower Stikine","PKO-19","Pink",NA,NA,NA,NA,NA,NA,NA,NA,1
1020,"TRANSBOUNDARY FJORDS","TBFj","PO31","WHITING","Whitiing","PKO-19","Pink",NA,NA,NA,NA,NA,NA,NA,NA,1
1020,"TRANSBOUNDARY FJORDS","TBFj","PO32","TAKU","Taku","PKO-19","Pink",NA,NA,NA,NA,NA,NA,NA,NA,1
1020,"TRANSBOUNDARY FJORDS","TBFj","PO33","CHILKAT","Chilkat","PKO-19","Pink",NA,NA,NA,NA,NA,NA,NA,NA,1
NA,NA,NA,"PO34","ALSEK","Alsek",NA,"Pink",NA,NA,NA,NA,NA,NA,NA,NA,NA
719,"Anderson/Seton_Early Summer",NA,"SE001",NA,"Anderson-Seton-ES population","SEL-06-01","Sockeye-Lake",4,"Not at risk",4,5,5,5,19,"High",6
735,"Bowron_Early Summer",NA,"SE002",NA,"Bowron-ES population","SEL-07-01","Sockeye-Lake",4,"Endangered",2,5,5,5,17,"None",4
720,"Chilko_Early Summer",NA,"SE003",NA,"Chilko-ES population / Chilko-S population","SEL-06-02","Sockeye-Lake",4,"Not at risk",0,0,0,0,0,"None",1
721,"Chilko_Summer",NA,"SE004",NA,"Chilko-ES population / Chilko-S population","SEL-06-03","Sockeye-Lake",4,"Not at risk",4,5,5,5,19,"None",3
711,"Chilliwack_Early Summer",NA,"SE005",NA,"Chilliwack-ES population","SEL-03-01","Sockeye-Lake",4,"Not at risk",3,5,5,0,13,"None",3
712,"Cultus_Late",NA,"SE006",NA,"Cultus-L population","SEL-03-02","Sockeye-Lake",4,"Endangered",5,5,5,5,20,"High",1
725,"Francois/Fraser_Summer",NA,"SE007",NA,"Francois-Fraser-S population","SEL-06-07","Sockeye-Lake",4,"Special Concern",4,5,5,5,19,"Low",5
727,"Nadina/Francois_Early Summer",NA,"SE008",NA,"Nadina-Francois-ES population","SEL-06-20","Sockeye-Lake",4,"Not at risk",4,5,5,5,19,"None",2
713,"Harrison-downstream migrating_Late",NA,"SE009",NA,"Harrison (D/S)-L population","SEL-03-03","Sockeye-Lake",4,"Special Concern",3,5,5,0,13,"None",11
714,"Harrison-upstream migrating_Late",NA,"SE010",NA,"Harrison (U/S)-L population","SEL-03-04","Sockeye-Lake",4,"Endangered",3,5,5,5,18,"None",4
740,"Kamloops_Early Summer",NA,"SE011",NA,"Kamloops-ES population","SEL-10-01","Sockeye-Lake",4,"Special Concern",2,5,5,5,17,"None",10
716,"Lillooet/Harrison_Late",NA,"SE012",NA,"Lillooet-Harrison-L population","SEL-04-01","Sockeye-Lake",4,"Special Concern",4,5,5,5,19,"None",12
718,"Nahatlatch_Early Summer",NA,"SE013",NA,"Nahatlatch-ES population","SEL-05-02","Sockeye-Lake",4,"Special Concern",2,5,5,0,12,"None",2
752,"North Barriere_Early Summer",NA,"SE014",NA,"North Barriere-ES population","SEL-10-03","Sockeye-Lake",4,"Extinct",3,5,5,5,18,"None",2
715,"Pitt_Early Summer",NA,"SE015",NA,"Pitt-ES population","SEL-03-05","Sockeye-Lake",4,"Not at risk",3,5,5,5,18,"High",8
728,"Quesnel_Summer",NA,"SE016",NA,"Quesnel-S population","SEL-06-10","Sockeye-Lake",4,"Endangered",3,5,5,5,18,"Moderate",94
729,"Seton_Late",NA,"SE017",NA,"Seton-L population","SEL-06-11","Sockeye-Lake",4,"Endangered",0,0,0,5,5,"None",1
739,"Shuswap_Late",NA,"SE018",NA,"Shuswap Complex-L population","SEL-09-03","Sockeye-Lake",4,"Not at risk",2,5,5,5,17,"None",71
738,"Shuswap_Early Summer",NA,"SE019",NA,"Shuswap-ES population","SEL-09-02","Sockeye-Lake",4,"Not at risk",0,0,0,5,5,"Low",24
732,"Takla/Trembleur_Early Stuart",NA,"SE020",NA,"Takla-Trembleur-EStu population","SEL-06-14","Sockeye-Lake",4,"Endangered",3,5,5,5,18,"None",44
731,"Takla/Trembleur/Stuart_Summer",NA,"SE021",NA,"Takla-Trembleur-Stuart-S population","SEL-06-13","Sockeye-Lake",4,"Endangered",3,5,4,5,17,"None",11
734,"Taseko_Early Summer",NA,"SE022",NA,"Taseko-ES population","SEL-06-16","Sockeye-Lake",4,"Endangered",2,5,5,0,12,"None",6
742,"Widgeon",NA,"SE023",NA,"Widgeon (River-Type) population","SER-02","Sockeye-River",4,"Threatened",0,0,0,0,0,"None",2
745,"Harrison River",NA,"SE024",NA,"Harrison (River-Type) population","SER-03","Sockeye-River",4,"Not at risk",4,5,5,5,19,"None",1
973,"East Vancouver Island and Georgia Strait",NA,"SE025","SC-GStr","South Coast-Georgia Strait","SER-08","Sockeye-River",5,NA,0,0,0,0,0,"None",48
973,"East Vancouver Island and Georgia Strait",NA,"SE026","EVI-GStr","East Vancouver Island-Georgia Strait","SER-08","Sockeye-River",5,NA,0,0,0,0,0,"None",48
971,"Southern Fjords",NA,"SE027","SC-SFj","South Coast-Southern Fjords","SER-009","Sockeye-River",5,NA,0,0,0,0,0,"None",NA
973,"East Vancouver Island and Georgia Strait",NA,"SE028","EVI-SFj","East Vancouver Island-Southern Fjords","SER-08","Sockeye-River",5,NA,0,0,0,0,0,"None",48
971,"Southern Fjords",NA,"SE029","HK","Hamothko-Klinaklini-Southern Fjords","SER-009","Sockeye-River",5,NA,0,0,0,0,0,"None",NA
972,"West Vancouver Island",NA,"SE030","WVI","West Vancouver Is","SER-010","Sockeye-River",5,NA,0,0,0,0,0,"Low",NA
974,"NW Vancouver Island",NA,"SE031","NWVI","Northwest Vancouver Is","SER-011","Sockeye-River",5,NA,0,0,0,0,0,"None",NA
818,"West Haida Gwaii",NA,"SE032","WHG","West Haida Gwaii","SER-14","Sockeye-River",NA,NA,0,0,0,0,0,"None",25
817,"North Haida Gwaii",NA,"SE033","NHG","North Haida Gwaii","SER-15","Sockeye-River",NA,NA,0,0,0,0,0,"None",2
816,"East Haida Gwaii",NA,"SE034","EHG","East Haida Gwaii","SER-13","Sockeye-River",NA,NA,0,0,0,0,0,"None",14
613,"Rivers-Smith Inlets",NA,"SE035","RSI","Rivers-Smith Inlets","SER-12","Sockeye-River",4,NA,0,0,0,0,0,"None",10
614,"Northern Coastal Fjords",NA,"SE036","BCD","Bella Coola-Dean Rivers","SER-16","Sockeye-Lake",4,NA,0,0,0,0,0,"None",94
614,"Northern Coastal Fjords",NA,"SE037","NC","Northern Coastal Streams","SER-16","Sockeye-Lake",4,NA,0,0,0,0,0,"None",94
615,"Northern Coastal",NA,"SE038","HecLow","Hecate Lowlands","SER-17","Sockeye-River",4,NA,0,0,0,0,0,"None",44
226,"Skeena River",NA,"SE039","LSK","Lower Skeena River","SER-18","Sockeye-River",5,NA,0,0,0,0,0,"None",22
226,"Skeena River",NA,"SE040","MSK","Middle Skeena River","SER-18","Sockeye-River",5,NA,0,0,0,0,0,"None",22
216,"Skeena River-high interior",NA,"SE041","USK","Upper Skeena River","SER-19","Sockeye-River",5,NA,1,5,3,5,14,"None",1
426,"Lower Nass-Portland",NA,"SE042","LNR-P","Lower Nass-Portland","SER-20","Sockeye-River",4,NA,1,4,5,5,15,"None",17
427,"Upper Nass River",NA,"SE043","UNR","Upper Nass River","SER-21","Sockeye-River",4,NA,0,0,0,0,0,"None",3
1023,"Northern Transboundary Fjords","TBFj","SE044","LStk","Stikine River","SER-022","Sockeye-River",NA,NA,NA,NA,NA,NA,NA,NA,NA
1023,"Northern Transboundary Fjords","TBFj","SE045","TAKU","Taku River","SER-022","Sockeye-River",NA,NA,NA,NA,NA,NA,NA,NA,NA
1023,"Northern Transboundary Fjords","TBFj","SE046","Whiting","Whiting River","SER-022","Sockeye-River",NA,NA,NA,NA,NA,NA,NA,NA,NA
1023,"Northern Transboundary Fjords","TBFj","SE047","UNUK","Unuk River","SER-022","Sockeye-River",NA,NA,NA,NA,NA,NA,NA,NA,NA
1022,"Chilkat River","CHILKAR","SE048","CHILKAT","Chilkat River","SER-023","Sockeye-River",NA,NA,NA,NA,NA,NA,NA,NA,NA
1021,"Alsek River","ALSEK","SE049","ALSEK","Alsek River","SER-024","Sockeye-River",NA,NA,NA,NA,NA,NA,NA,NA,NA
933,"Sakinaw","SAKINAW","SE051","SAKINAW","Sakinaw","SEL-11-07","Sockeye-Lake",5,"Endangered",5,5,5,0,15,"High",1
935,"Tzoonie","TZOONIE","SE052","TZOONIE","Tzoonie","SEL-11-09","Sockeye-Lake",5,NA,0,0,0,0,0,"None",1
927,"Fulmore","FULMORE","SE053","FULMORE","Fulmore","SEL-11-01","Sockeye-Lake",5,NA,0,0,0,0,0,"None",1
928,"Heydon","HEYDON","SE054","HEYDON","Heydon","SEL-11-02","Sockeye-Lake",5,NA,0,0,0,0,0,"None",1
929,"Kakweiken","KAWEIKEN","SE055","KAWEIKEN","Kakweiken","SEL-11-03","Sockeye-Lake",5,NA,0,0,0,0,0,"None",1
930,"Loose","LOOSE","SE056","LOOSE","Loose","SEL-11-04","Sockeye-Lake",5,NA,0,0,0,0,0,"None",1
931,"Mackenzie","MACKENZIE","SE057","MACKENZIE","Mackenzie","SEL-11-05","Sockeye-Lake",5,NA,2,5,1,0,8,"None",1
932,"Phillips","PHILLIPS","SE058","PHILLIPS","Phillips","SEL-11-06","Sockeye-Lake",5,NA,3,5,5,0,13,"None",2
937,"Ida/Bonanza","IDA/BONANZA","SE059","IDA/BONANZA","Ida/Bonanza","SEL-12-01","Sockeye-Lake",5,NA,0,0,0,0,0,"None",1
938,"Nahwitti","NAHWITTI","SE060","NAHWITTI","Nahwitti","SEL-12-02","Sockeye-Lake",5,NA,0,0,0,0,0,"None",1
939,"Nimpkish","NIMPKISH","SE061","NIMPKISH","Nimpkish","SEL-12-03","Sockeye-Lake",5,NA,4,5,5,0,14,"Low",2
941,"Quatse","QUATSE","SE062","QUATSE","Quatse","SEL-12-05","Sockeye-Lake",4,NA,0,0,0,0,0,"None",1
942,"Schoen","SCHOEN","SE063","SCHOEN","Schoen","SEL-12-06","Sockeye-Lake",5,NA,0,0,0,0,0,"None",NA
943,"Shushartie","SHUSHARTIE","SE064","SHUSHARTIE","Shushartie","SEL-12-07","Sockeye-Lake",5,NA,0,0,0,0,0,"None",1
944,"Woss","WOSS","SE065","WOSS","Woss","SEL-12-08","Sockeye-Lake",5,NA,0,0,0,0,0,"None",NA
976,"Vernon","VERNON","SE066","VERNON","Vernon","SEL-12-09","Sockeye-Lake",5,NA,0,0,0,0,0,"None",NA
947,"Cecilia","CECILIA","SE067","CECILIA","Cecilia","SEL-13-03","Sockeye-Lake",5,NA,0,0,0,0,0,"None",1
948,"Cheewat","CHEEWAT","SE068","CHEEWAT","Cheewat","SEL-13-04","Sockeye-Lake",5,NA,0,0,0,0,0,"None",1
949,"Clayoquot","CLAYQUOT","SE069","CLAYQUOT","Clayoquot","SEL-13-05","Sockeye-Lake",5,NA,0,0,0,0,0,"None",2
950,"Deserted","DESERTED","SE070","DESERTED","Deserted","SEL-13-06","Sockeye-Lake",5,NA,0,0,0,0,0,"None",1
951,"Fairy","FAIRY","SE071","FAIRY","Fairy","SEL-13-07","Sockeye-Lake",5,NA,0,0,0,0,0,"Low",3
952,"Great Central","GCL","SE072","GCL","Great Central","SEL-13-08","Sockeye-Lake",5,NA,0,0,0,3,3,"None",NA
953,"Henderson","HENDERSON","SE073","HENDERSON","Henderson","SEL-13-09","Sockeye-Lake",5,NA,5,5,2,0,12,"None",1
954,"Hesquiat","HESQUIAT","SE074","HESQUIAT","Hesquiat","SEL-13-10","Sockeye-Lake",5,NA,0,0,1,0,1,"None",1
955,"Hobiton","HOBITON","SE075","HOBITON","Hobiton","SEL-13-11","Sockeye-Lake",5,NA,0,0,0,0,0,"None",1
956,"Jansen","JANSEN","SE076","JANSEN","Jansen","SEL-13-12","Sockeye-Lake",5,NA,0,0,0,0,0,"None",1
957,"Kanim","KANIM","SE077","KANIM","Kanim","SEL-13-13","Sockeye-Lake",5,NA,0,0,0,0,0,"None",1
958,"Kennedy","KENNEDEY","SE078","KENNEDEY","Kennedy","SEL-13-14","Sockeye-Lake",5,NA,0,0,0,0,0,"None",6
959,"Maggie","MAGGIE","SE079","MAGGIE","Maggie","SEL-13-15","Sockeye-Lake",5,NA,0,0,0,0,0,"None",1
960,"Megin","MEGIN","SE080","MEGIN","Megin","SEL-13-16","Sockeye-Lake",5,NA,0,0,0,0,0,"None",1
961,"Muchalat","MUCHALAT","SE081","MUCHALAT","Muchalat","SEL-13-17","Sockeye-Lake",5,NA,0,0,0,0,0,"None",3
962,"Muriel","MURIEL","SE082","MURIEL","Muriel","SEL-13-18","Sockeye-Lake",5,NA,0,0,0,0,0,"Low",3
963,"Nitinat","NITINAT","SE083","NITINAT","Nitinat","SEL-13-19","Sockeye-Lake",5,NA,0,0,0,0,0,"None",2
966,"Park River","PARK","SE084","PARK","Park River","SEL-13-22","Sockeye-Lake",5,NA,0,0,0,0,0,"None",1
967,"Power","POWER","SE085","POWER","Power","SEL-13-23","Sockeye-Lake",5,NA,0,0,0,0,0,"None",1
969,"Sproat","SPROAT","SE086","SPROAT","Sproat","SEL-13-25","Sockeye-Lake",5,NA,0,0,0,3,3,"None",1
945,"Alice","ALICE","SE087","ALICE","Alice","SEL-13-01","Sockeye-Lake",5,NA,0,0,0,0,0,"None",1
946,"Canoe Creek","CANOE","SE088","CANOE","Canoe Creek","SEL-13-02","Sockeye-Lake",5,NA,0,0,0,0,0,"None",1
964,"O'Connell","O'CONNELL","SE089","O'CONNELL","O'Connell","SEL-13-20","Sockeye-Lake",5,NA,0,0,0,0,0,"None",1
970,"William/Brink","WILLIAM/BRINK","SE090","WILLIAM/BRINK","William/Brink","SEL-13-26","Sockeye-Lake",5,NA,0,0,0,0,0,"None",1
825,"Mercer","MERCER","SE091","MERCER","Mercer","SEL-17-07","Sockeye-Lake",5,NA,2,5,5,2,14,"None",1
821,"Fairfax","FAIRFAX","SE092","FAIRFAX","Fairfax","SEL-17-03","Sockeye-Lake",5,NA,0,0,0,0,0,"None",1
819,"Ain/Skundale/Ian","SKUNDALE","SE093","SKUNDALE","Ain/Skundale/Ian","SEL-17-01","Sockeye-Lake",NA,NA,0,0,0,0,0,"None",1
820,"Awun","AWUN","SE094","AWUN","Awun","SEL-17-02","Sockeye-Lake",5,NA,2,5,5,2,14,"None",1
822,"Jalun","JALUN","SE095","JALUN","Jalun","SEL-17-04","Sockeye-Lake",5,NA,0,0,0,0,0,"None",1
827,"Yakoun","YAKOUN","SE096","YAKOUN","Yakoun","SEL-17-09","Sockeye-Lake",5,NA,2,5,5,2,14,"None",1
828,"Marie","MARIE","SE097","MARIE","Marie","SEL-17-10","Sockeye-Lake",NA,NA,NA,NA,NA,NA,NA,NA,NA
824,"Mathers","MATHERS","SE098","MATHERS","Mathers","SEL-17-06","Sockeye-Lake",5,NA,0,0,0,0,0,"None",1
826,"Skidegate","SKIDEGATE","SE099","SKIDEGATE","Skidegate","SEL-17-08","Sockeye-Lake",5,NA,5,5,5,2,17,"None",1
524,"Long","LONG","SE100","LONG","Long","SEL-15-01","Sockeye-Lake",5,NA,1,5,2,2,10,"Low",3
525,"Owikeno","OWIKENO","SE101","OWIKENO","Owikeno","SEL-15-02","Sockeye-Lake",5,NA,1,3,4,2,10,"Low",9
527,"Wannock[Owikeno]","WANNOCK","SE102","WANNOCK","Wannock","SEL-15-04","Sockeye-Lake",5,NA,0,0,0,0,0,"Low",1
528,"South Atnarko Lakes",NA,"SE103","S_ATNARKO","S Atnarko","SX_528","Sockeye-Lake",5,NA,1,5,5,2,13,"High",NA
532,"Canoona","CANOONA","SE104","CANOONA","Canoona","SEL-18-02","Sockeye-Lake",5,NA,1,5,3,2,11,"None",1
534,"Evelyn","EVELYN","SE105","EVELYN","Evelyn","SEL-18-04","Sockeye-Lake",5,NA,3,5,5,2,15,"None",1
535,"Kainet Creek","KAINET","SE106","KAINET","Kainet","SEL-18-05","Sockeye-Lake",5,NA,1,5,5,2,13,"None",1
536,"Kimsquit","KIMSQUIT","SE107","KIMSQUIT","Kimsquit","SEL-18-06","Sockeye-Lake",5,NA,0,0,0,0,0,"None",1
537,"Kitkiata",NA,"SE108","KITKATLA","Kitkatla","SEL-18-07","Sockeye-Lake",5,NA,0,0,0,0,0,"None",1
538,"Kitlope","KITLOPE","SE109","KITLOPE","Kitlope","SEL-18-08","Sockeye-Lake",5,NA,0,5,5,2,12,"None",1
539,"Pine River","PINE","SE110","PINE","Pine","SEL-18-09","Sockeye-Lake",5,NA,0,0,0,0,0,"None",1
540,"Banks","BANKS","SE111","BANKS","Banks","SEL-19-01","Sockeye-Lake",5,NA,0,0,0,0,0,"None",1
541,"Bloomfield","BLOOMFIELD","SE112","BLOOMFIELD","Bloomfield","SEL-19-02","Sockeye-Lake",5,NA,0,5,2,2,9,"None",1
542,"Bolton Creek","BOLTON","SE113","BOLTON","Bolton","SEL-19-03","Sockeye-Lake",5,NA,0,0,0,0,0,"None",1
543,"Bonilla","BONILLA","SE114","BONILLA","Bonilla","SEL-19-04","Sockeye-Lake",5,NA,0,0,0,0,0,"None",1
548,"Citeyats",NA,"SE115","TUWARTZ","Tuwartz","SEL-19-09","Sockeye-Lake",5,NA,0,0,0,0,0,"None",1
549,"Fannie Cove","FANNIE","SE116","FANNIE","Fannie","SEL-19-10","Sockeye-Lake",5,NA,0,0,0,0,0,"None",2
550,"Curtis Inlet","CURTIS","SE117","CURTIS","Curtis","SEL-19-11","Sockeye-Lake",5,NA,1,5,3,2,11,"Moderate",1
553,"Devon","DEVON","SE118","DEVON","Devon","SEL-19-14","Sockeye-Lake",5,NA,1,5,5,2,13,"None",1
556,"Elsie/Hoy","ELSIE/HOY","SE119","ELSIE/HOY","Elsie/Hoy","SEL-19-17","Sockeye-Lake",5,NA,0,0,0,0,0,"None",1
557,"End Hill Creek","END HILL","SE120","END HILL","End Hill","SEL-19-18","Sockeye-Lake",5,NA,0,0,0,0,0,"None",1
559,"Freeda",NA,"SE121","FREEDA/BRODIE","Freeda/Brodie","SEL-19-20","Sockeye-Lake",5,NA,0,0,0,0,0,"None",1
562,"Higgins Lagoon","HIGGINS","SE122","HIGGINS","Higgins Lagoon","SEL-19-23","Sockeye-Lake",5,NA,0,0,0,0,0,"None",1
564,"Kdelmashan Creek","KDELMASHAN","SE123","KDELMASHAN","Kdelmashan","SEL-19-25","Sockeye-Lake",5,NA,0,0,0,0,0,"None",1
565,"Keecha",NA,"SE124","KEESHA","Keesha","SEL-19-26","Sockeye-Lake",5,NA,1,5,3,2,11,"None",1
566,"Kent Inlet Lagoon Creek","KENT","SE125","KENT","Kent Inlet","SEL-19-27","Sockeye-Lake",5,NA,0,0,0,0,0,"None",1
570,"Kildidt Lagoon Creek","KILDIDT LAGOON","SE126","KILDIDT LAGOON","Kildidt Lagoon Creek","SEL-19-31","Sockeye-Lake",5,NA,0,0,0,0,0,"None",1
571,"Kisameet","KISAMEET","SE127","KISAMEET","Kisameet","SEL-19-32","Sockeye-Lake",5,NA,0,0,0,0,0,"None",1
572,"Koeye","KOEYE","SE128","KOEYE","Koeye","SEL-19-33","Sockeye-Lake",5,NA,0,0,0,0,0,"None",1
573,"Kooryet","KOORYET","SE129","KOORYET","Kooryet","SEL-19-34","Sockeye-Lake",5,NA,0,5,4,2,11,"None",1
575,"Kwakwa Creek","KWAKWA","SE130","KWAKWA","Kwakwa","SEL-19-36","Sockeye-Lake",5,NA,0,0,0,0,0,"None",1
577,"Limestone Creek","LIMESTONE","SE131","LIMESTONE","Limestone","SEL-19-38","Sockeye-Lake",5,NA,0,0,0,0,0,"None",1
579,"Mary Cove Creek","MARY COVE","SE132","MARY COVE","Mary Cove","SEL-19-40","Sockeye-Lake",5,NA,0,5,1,2,8,"Moderate",1
582,"Mikado","MIKADO","SE133","MIKADO","Mikado","SEL-19-43","Sockeye-Lake",5,NA,0,5,3,2,10,"None",1
584,"Namu","NAMU","SE134","NAMU","Namu","SEL-19-45","Sockeye-Lake",5,NA,2,5,3,2,12,"None",1
585,"Port John","PORT JOHN","SE135","PORT JOHN","Port John","SEL-19-46","Sockeye-Lake",5,NA,2,5,5,2,14,"None",1
586,"Powles Creek","POWLES","SE136","POWLES","Powles","SEL-19-47","Sockeye-Lake",5,NA,0,0,0,0,0,"None",1
416,"Prudhomme","PRUDHOMME","SE137","PRUDHOMME","Prudhomme","SEL-19-49","Sockeye-Lake",5,NA,0,0,0,0,0,NA,3
589,"Ryan Creek","RYAN","SE138","RYAN","Ryan","SEL-19-51","Sockeye-Lake",5,NA,0,0,0,0,0,"None",1
590,"Salter","SALTER","SE139","SALTER","Salter","SEL-19-52","Sockeye-Lake",5,NA,0,0,0,0,0,"None",1
591,"Scoular/Kilpatrick","SCOULER/KILPATRICK","SE140","SCOULER/KILPATRICK","Scoular/Kilpatrick","SEL-19-53","Sockeye-Lake",5,NA,0,0,0,0,0,"None",1
417,"Shawatlan","SHAWATLAN","SE141","SHAWATLAN","Shawatlan","SEL-19-54","Sockeye-Lake",5,NA,0,0,0,0,0,NA,1
594,"Spencer Creek","SPENCER","SE142","SPENCER","Spencer","SEL-19-57","Sockeye-Lake",5,NA,0,0,0,0,0,"None",1
596,"Talamoosa Creek","TALAMOOSA","SE143","TALAMOOSA","Talamoosa","SEL-19-59","Sockeye-Lake",5,NA,0,0,0,0,0,"None",1
597,"Tankeeah River","TANKEEAH","SE144","TANKEEAH","Tankeeah","SEL-19-60","Sockeye-Lake",5,NA,1,5,2,2,10,"High",1
599,"Tsimtack/Moore/Roger","TSIMTACK","SE145","TSIMTACK","Tsimtack","SEL-19-62","Sockeye-Lake",5,NA,2,5,5,2,14,"None",1
601,"Tuno Creek West","TUNO_WEST","SE146","TUNO_WEST","Tuno West","SEL-19-64","Sockeye-Lake",5,NA,0,0,0,0,0,"None",1
603,"Wale Creek","WALE","SE147","WALE","Wale","SEL-19-66","Sockeye-Lake",5,NA,0,0,0,0,0,"None",1
607,"Yeo","YEO","SE148","YEO","Yeo","SEL-19-70","Sockeye-Lake",5,NA,0,5,3,2,10,"None",1
171,"Alastair","ALASTAIR","SE149","ALASTAIR","Alastair","SEL-20-01","Sockeye-Lake",6,NA,1,4,5,5,15,"None",4
172,"Aldrich","ALDRICH","SE150","ALDRICH","Aldrich",NA,"Sockeye-Lake",5,NA,NA,NA,NA,NA,NA,NA,NA
173,"Dennis","DENNIS","SE151","DENNIS","Dennis",NA,"Sockeye-Lake",5,NA,NA,NA,NA,NA,NA,NA,NA
174,"Ecstall/Lower","ECSTALL/LOWER","SE152","ECSTALL/LOWER","Ecstall/Lower","SEL-20-04","Sockeye-Lake",5,NA,0,0,0,0,0,"None",1
175,"Johnston","JOHNSTON","SE153","JOHNSTON","Johnston","SEL-20-05","Sockeye-Lake",5,NA,0,0,0,0,0,"None",2
176,"Kitsumkalum",NA,"SE154","KALUM","Kitsumkalum","SEL-20-06","Sockeye-Lake",5,NA,1,2,2,5,10,"None",8
177,"Lakelse","LAKELSE","SE155","LAKELSE","Lakelse","SEL-20-07","Sockeye-Lake",5,NA,1,5,3,5,14,"High",10
178,"Mcdonell","MCDONELL","SE156","MCDONELL","Mcdonell","SEL-20-08","Sockeye-Lake",5,NA,2,5,4,5,16,"None",1
179,"Atna","ATNA","SE157","ATNA","Atna",NA,"Sockeye-Lake",5,NA,NA,NA,NA,NA,NA,NA,NA
180,"Babine","BABINE","SE158","BABINE","Babine","SEL-21-02-EW","Sockeye-Lake",5,NA,2,5,5,5,17,"None",NA
203,"Babine (enhanced)",NA,"SE158","BABINE","Babine","SEL-21-02-F","Sockeye-Lake",5,NA,5,5,5,5,20,"High",NA
181,"Bulkley","BULKLEY","SE159","BULKLEY","Bulkley","SEL-21-03","Sockeye-Lake",5,NA,0,0,0,0,0,"None",1
183,"Gitanyow",NA,"SE160","KITWANCOOL","Kitwancool","SEL-21-05","Sockeye-Lake",5,NA,3,5,5,5,18,"None",2
184,"Maxan","MAXAN","SE161","MAXAN","Maxan",NA,"Sockeye-Lake",5,NA,NA,NA,NA,NA,NA,NA,NA
185,"Morice","MORICE","SE162","MORICE","Morice","SEL-21-07","Sockeye-Lake",6,NA,3,4,5,5,17,"None",4
187,"Stephens","STEPHENS","SE163","STEPHENS","Stephens","SEL-21-09","Sockeye-Lake",5,NA,2,4,5,5,16,"None",9
189,"Tahlo/Morrison",NA,"SE164","TAHLO/MORRISON","Tahlo/Morrison","SEL-21-02-MW","Sockeye-Lake",5,NA,0,4,5,5,14,"None",NA
230,"Footsore/Hodder","FOOTSORE/HODDER","SE165","FOOTSORE/HODDER","Footsore/Hodder","SEL-21-12","Sockeye-Lake",5,NA,0,0,0,0,0,"None",3
190,"Asitika","ASITIKA","SE166","ASITIKA","Asitika","SEL-22-01","Sockeye-Lake",5,NA,0,5,4,5,14,"None",1
191,"Azuklotz","AZUKLOTZ","SE167","AZUKLOTZ","Azuklotz","SEL-22-02","Sockeye-Lake",5,NA,2,5,2,5,14,"None",1
192,"Bear","BEAR","SE168","BEAR","Bear","SEL-22-03","Sockeye-Lake",5,NA,1,4,1,5,11,"None",3
193,"Damshilgwit","DAMSHILGWIT","SE169","DAMSHILGWIT","Damshilgwit","SEL-22-04","Sockeye-Lake",5,NA,5,5,5,5,20,"None",1
194,"Johanson","JOHANSON","SE170","JOHANSON","Johanson","SEL-22-05","Sockeye-Lake",5,NA,0,0,0,0,0,"None",1
195,"Kluatantan","KLUATANTAN","SE171","KLUATANTAN","Kluatantan","SEL-22-06","Sockeye-Lake",5,NA,0,0,0,0,0,"None",1
196,"Kluayaz","KLUAYAZ","SE172","KLUAYAZ","Kluayaz","SEL-22-07","Sockeye-Lake",5,NA,0,0,0,0,0,"None",1
197,"Motase","MOTASE","SE173","MOTASE","Motase","SEL-22-08","Sockeye-Lake",5,NA,2,5,1,5,13,"None",1
198,"Sicintine","SICINTINE","SE174","SICINTINE","Sicintine","SEL-22-09","Sockeye-Lake",5,NA,0,0,0,0,0,"None",1
199,"Slamgeesh","SLAMGEESH","SE175","SLAMGEESH","Slamgeesh","SEL-22-10","Sockeye-Lake",5,NA,0,0,0,0,0,"None",2
200,"Spawning","SPAWNING","SE176","SPAWNING","Spawning","SEL-22-11","Sockeye-Lake",5,NA,0,0,0,0,0,"None",1
201,"Sustut","SUSTUT","SE177","SUSTUT","Sustut","SEL-22-12","Sockeye-Lake",5,NA,0,0,0,0,0,"None",1
420,"Bowser","BOWSER","SE178","BOWSER","Bowser",NA,"Sockeye-Lake",NA,NA,0,0,0,0,0,"None",NA
421,"Damdochax","DAMDOCHAX","SE179","DAMDOCHAX","Damdochax/Wiminasik","SEL-24-02","Sockeye-Lake",5,NA,4,5,4,5,18,"None",1
422,"Fred Wright","FWRIGHT","SE180","FWRIGHT","Fred Wright","SEL-24-03","Sockeye-Lake",5,NA,3,5,5,5,18,"None",1
423,"Kwinageese","KWINAGEESE","SE181","KWINAGEESE","Kwinageese",NA,"Sockeye-Lake",NA,NA,0,0,0,0,0,"None",NA
424,"Meziadin","MEZIADIN","SE182","MEZIADIN","Meziadin","SEL-24-05","Sockeye-Lake",5,NA,3,5,5,5,18,"None",1
425,"Oweegee","OWEEGEE","SE183","OWEEGEE","Oweegee",NA,"Sockeye-Lake",NA,NA,0,0,0,0,0,"None",NA
1024,"Border","BORDER","SE184","BORDER","Border","SEL-25-01","Sockeye-Lake",NA,NA,NA,NA,NA,NA,NA,NA,NA
1025,"Christina","CHRISTINA","SE185","CHRISTINA","Christina","SEL-26-01","Sockeye-Lake",NA,NA,NA,NA,NA,NA,NA,NA,1
1026,"Tahltan","TAHLTAN","SE186","TAHLTAN","Tahltan","SEL-26-02","Sockeye-Lake",NA,NA,NA,NA,NA,NA,NA,NA,1
1036,"Chutine","CHUTINE","SE187","CHUTINE","Chutine","SEL-26-03","Sockeye-Lake",NA,NA,NA,NA,NA,NA,NA,NA,1
1037,"Whiting","WHITING","SE188","WHITING","Whiting","SEL-27-01","Sockeye-Lake",NA,NA,NA,NA,NA,NA,NA,NA,NA
1027,"Kuthai","KUTHAI","SE189","KUTHAI","Kuthai","SEL-28-01","Sockeye-Lake",NA,NA,NA,NA,NA,NA,NA,NA,1
1028,"Little Trapper","LTRAPPER","SE190","LTRAPPER","Little Trapper","SEL-28-02","Sockeye-Lake",NA,NA,NA,NA,NA,NA,NA,NA,1
1029,"Tatsamenie","TATSAMENIE","SE191","TATSAMENIE","Tatsamenie","SEL-28-03","Sockeye-Lake",NA,NA,NA,NA,NA,NA,NA,NA,1
1033,"King Salmon","KING SALMON","SE192","KING SALMON","King Salmon","SEL-28-05","Sockeye-Lake",NA,NA,NA,NA,NA,NA,NA,NA,1
1031,"Blanchard-BC","BLANCHARD","SE193","BLANCHARD","Blanchard-BC","SEL-30-01","Sockeye-Lake",NA,NA,NA,NA,NA,NA,NA,NA,NA
1038,"Klukshu","KLUKSHU","SE194","KLUKSHU","Klukshu-Yukon","SEL-30-02","Sockeye-Lake",NA,NA,NA,NA,NA,NA,NA,NA,1
1039,"Nesketahin-Yukon","NESKETAHIN","SE195","NESKETAHIN","Nesketahin-Yukon","SEL-30-03","Sockeye-Lake",NA,NA,NA,NA,NA,NA,NA,NA,1
936,"Village Bay","VILLAGE","T01","VILLAGE","Village Bay","SEL-11-10","Sockeye-Lake",5,NA,0,0,0,0,0,"None",1
NA,"Pack","PACK","T02","PACK","Pack","SEL-11-11","Sockeye-Lake",NA,NA,NA,NA,NA,NA,NA,NA,1
NA,"Glendale","GLENDALE","T03","GLENDALE","Glendale","SEL-11-12","Sockeye-Lake",NA,NA,NA,NA,NA,NA,NA,NA,2
NA,"Lois","LOIS","T04","LOIS","Lois","SEL-11-13","Sockeye-Lake",NA,NA,NA,NA,NA,NA,NA,NA,NA
526,"Owikeno-Late","OWIKENO-L","T06","OWIKENO-L","Owikeno","SEL-15-03","Sockeye-Lake",5,NA,0,0,0,0,0,NA,2
823,"MARIAN","MARIAN","T07","MARIAN","Marian","SEL-17-05","Sockeye-Lake",5,NA,2,5,5,2,14,"None",1
NA,"Mayer","MAYER","T08","MAYER","Mayer","SEL-17-11","Sockeye-Lake",NA,NA,NA,NA,NA,NA,NA,NA,1
NA,"Gudal","GUDAL","T09","GUDAL","Gudal","SEL-17-12","Sockeye-Lake",NA,NA,NA,NA,NA,NA,NA,NA,NA
529,"Backland","BACKLAND","T10","BACKLAND","Backland","SEL-18-01","Sockeye-Lake",5,NA,0,5,4,2,11,"None",1
533,"Dome","DOME","T11","DOME","Dome","SEL-18-03","Sockeye-Lake",5,NA,0,0,0,0,0,"None",1
531,"Whalen","WHALEN","T12","WHALEN","Whalen","SEL-18-11","Sockeye-Lake",5,NA,0,0,0,0,0,NA,1
544,"Borrowman Creek","BORROWMAN","T13","BORROWMAN","Borrowman","SEL-19-05","Sockeye-Lake",5,NA,0,0,0,0,0,"None",1
545,"Busey Creek","BUSEY","T14","BUSEY","Busey","SEL-19-06","Sockeye-Lake",5,NA,0,0,0,0,0,"None",1
546,"Cartwright Creek","CARTWRIGHT","T15","CARTWRIGHT","Cartwright Creek","SEL-19-07","Sockeye-Lake",5,NA,0,0,0,0,0,"None",1
547,"Chic Chic","CHIC CHIC","T16","CHIC CHIC","Chic Chic","SEL-19-08","Sockeye-Lake",5,NA,0,0,0,0,0,"None",1
551,"Dallain Creek","DALLAIN","T17","DALLAIN","Dallain","SEL-19-12","Sockeye-Lake",5,NA,0,0,0,0,0,"None",1
552,"Deer","DEER","T18","DEER","Deer","SEL-19-13","Sockeye-Lake",5,NA,0,0,0,0,0,"None",1
554,"Douglas Creek","DOUGLAS","T19","DOUGLAS","Douglas","SEL-19-15","Sockeye-Lake",5,NA,0,0,0,0,0,"None",1
555,"Elizabeth","ELIZABETH","T20","ELIZABETH","Elizabeth","SEL-19-16","Sockeye-Lake",5,NA,0,0,0,0,0,"None",1
558,"Evinrude Inlet","EVINRUDE","T21","EVINRUDE","Evinrude","SEL-19-19","Sockeye-Lake",5,NA,0,0,0,0,0,"None",1
560,"Hartley Bay","HARTLEY","T22","HARTLEY","Hartley Bay","SEL-19-21","Sockeye-Lake",5,NA,3,5,5,2,15,"None",1
561,"Hevenor Inlet","HEVENOR","T23","HEVENOR","Hevenor Inlet","SEL-19-22","Sockeye-Lake",5,NA,0,0,0,0,0,"None",1
563,"Kadjusdis River","KADJUSDIS","T24","KADJUSDIS","Kadjusdis","SEL-19-24","Sockeye-Lake",5,NA,0,5,2,2,9,"Low",1
567,"Kenzuwash Creeks","KENZUWASH","T25","KENZUWASH","Kenzuwash","SEL-19-28","Sockeye-Lake",5,NA,0,0,0,0,0,"None",1
568,"Keswar Creek","KESWAR","T26","KESWAR","Keswar","SEL-19-29","Sockeye-Lake",5,NA,0,0,0,0,0,"None",1
569,"Kildidt Creek","KILDIDT","T27","KILDIDT","Kildidt","SEL-19-30","Sockeye-Lake",5,NA,0,0,0,0,0,"None",1
574,"Kunsoot River","KUNSOOT","T28","KUNSOOT","Kunsoot","SEL-19-35","Sockeye-Lake",5,NA,0,0,0,0,0,"None",1
576,"Lewis Creek","LEWIS","T29","LEWIS","Lewis","SEL-19-37","Sockeye-Lake",5,NA,0,0,0,0,0,"None",1
578,"Lowe/Simpson/Weir",NA,"T30","LOWE/SIMPSON/WEARE","Lowe/Simpson/Weare","SEL-19-39","Sockeye-Lake",5,NA,0,5,4,2,11,"None",1
580,"Mcdonald Creek","MCDONALD","T31","MCDONALD","Mcdonald","SEL-19-41","Sockeye-Lake",5,NA,0,0,0,0,0,"None",1
581,"Mcloughlin","MCLOUGHLIN","T32","MCLOUGHLIN","Mcloughlin","SEL-19-42","Sockeye-Lake",5,NA,0,0,0,0,0,"None",1
583,"Monckton Inlet Creek","MONCKTON","T33","MONCKTON","Monckton Inlet","SEL-19-44","Sockeye-Lake",5,NA,0,0,0,0,0,"None",1
587,"Price Creek","PRICE","T34","PRICE","Price","SEL-19-48","Sockeye-Lake",5,NA,0,0,0,0,0,"None",1
588,"Roderick","RODERICK","T35","RODERICK","Roderick","SEL-19-50","Sockeye-Lake",5,NA,1,5,4,2,12,"High",1
592,"Sheneeza Inlet","SHENEEZA","T36","SHENEEZA","Sheneeza","SEL-19-55","Sockeye-Lake",5,NA,0,0,0,0,0,"None",1
593,"Ship Point Creek","SHIP_PNT","T37","SHIP_PNT","Ship Point","SEL-19-56","Sockeye-Lake",5,NA,0,0,0,0,0,"None",1
595,"Stannard Creek","STANNARD","T38","STANNARD","Stannard","SEL-19-58","Sockeye-Lake",5,NA,0,0,0,0,0,"None",1
598,"Treneman Creek","TRENEMAN","T39","TRENEMAN","Treneman","SEL-19-61","Sockeye-Lake",5,NA,0,0,0,0,0,"None",1
600,"Tuno Creek East","TUNO_EAST","T40","TUNO_EAST","Tuno East","SEL-19-63","Sockeye-Lake",5,NA,0,0,0,0,0,"None",1
602,"Tyler Creek","TYLER","T41","TYLER","Tyler","SEL-19-65","Sockeye-Lake",5,NA,0,0,0,0,0,"None",1
604,"Watt Bay","WATT","T42","WATT","Watt","SEL-19-67","Sockeye-Lake",5,NA,0,0,0,0,0,"None",1
605,"West Creek","WEST_CRK","T43","WEST_CRK","West Creek","SEL-19-68","Sockeye-Lake",5,NA,0,0,0,0,0,"None",1
606,"Yaaklele Lagoon","YAAKLELE","T44","YAAKLELE","Yaaklele","SEL-19-69","Sockeye-Lake",5,NA,0,0,0,0,0,"None",1
NA,"Sylvia Creek","SYLVIA","T45","SYLVIA","Sylvia","SEL-19-72","Sockeye-Lake",NA,NA,NA,NA,NA,NA,NA,NA,1
NA,"South Bonnila","S_BONNILA","T46","S_BONNILA","South Bonnila","SEL-19-73","Sockeye-Lake",NA,NA,NA,NA,NA,NA,NA,NA,NA
243,"Onerka","ONERKA","T47","ONERKA","Onerka",NA,"Sockeye-Lake",5,NA,NA,NA,NA,NA,NA,NA,NA
418,"Clements","CLEMENTS","T48","CLEMENTS","Clements",NA,"Sockeye-Lake",NA,NA,0,0,0,0,0,"None",NA
NA,"Split Mountain/Leverson","SPLIT_MTN/LEVERSON","T49","SPLIT_MTN/LEVERSON","Split Mountain/Leverson","SEL-23-02","Sockeye-Lake",NA,NA,NA,NA,NA,NA,NA,NA,1
419,"Leverson",NA,"T49","SPLIT_MTN/LEVERSON","Split Mountain/Leverson",NA,"Sockeye-Lake",NA,NA,0,0,0,0,0,"None",NA
NA,"Owossitsa","OWOSSITS","T5","OWOSSITS","Owossitsa","SEL-13-21","Sockeye-Lake",NA,NA,NA,NA,NA,NA,NA,NA,1
