,CUID,Species,Year,LGL counts,NuSEDS counts by CU,Total run,Region
1,401,Chinook,1950,NA,675,NA,Nass
2,402,Chinook,1950,NA,200,NA,Nass
3,405,Chum,1950,NA,2250,NA,Nass
4,406,Chum,1950,NA,5750,NA,Nass
5,404,Chum,1950,NA,15600,NA,Nass
6,408,Coho,1950,NA,600,NA,Nass
7,410,Coho,1950,NA,5900,NA,Nass
8,409,Coho,1950,NA,NA,NA,Nass
9,414,Pink (Odd),1950,NA,NA,NA,Nass
10,412,Pink (Even),1950,NA,NA,NA,Nass
11,415,Pink (Odd),1950,NA,NA,NA,Nass
12,420,Lake Sockeye,1950,NA,NA,NA,Nass
13,418,Lake Sockeye,1950,NA,NA,NA,Nass
14,421,Lake Sockeye,1950,NA,NA,NA,Nass
15,422,Lake Sockeye,1950,NA,NA,NA,Nass
16,423,Lake Sockeye,1950,NA,NA,NA,Nass
17,419,Lake Sockeye,1950,NA,NA,NA,Nass
18,424,Lake Sockeye,1950,NA,NA,NA,Nass
19,425,Lake Sockeye,1950,NA,NA,NA,Nass
20,416,Lake Sockeye,1950,NA,5000,NA,Nass
21,417,Lake Sockeye,1950,NA,4500,NA,Nass
22,426,River Sockeye,1950,NA,750,NA,Nass
23,427,River Sockeye,1950,NA,NA,NA,Nass
24,401,Chinook,1951,NA,850,NA,Nass
25,402,Chinook,1951,NA,400,NA,Nass
26,405,Chum,1951,NA,2750,NA,Nass
27,406,Chum,1951,NA,20850,NA,Nass
28,404,Chum,1951,NA,61300,NA,Nass
29,408,Coho,1951,NA,1600,NA,Nass
30,410,Coho,1951,NA,8000,NA,Nass
31,409,Coho,1951,NA,NA,NA,Nass
32,414,Pink (Odd),1951,NA,121050,NA,Nass
33,412,Pink (Even),1951,NA,NA,NA,Nass
34,415,Pink (Odd),1951,NA,NA,NA,Nass
35,420,Lake Sockeye,1951,NA,NA,NA,Nass
36,418,Lake Sockeye,1951,NA,NA,NA,Nass
37,421,Lake Sockeye,1951,NA,NA,NA,Nass
38,422,Lake Sockeye,1951,NA,NA,NA,Nass
39,423,Lake Sockeye,1951,NA,NA,NA,Nass
40,419,Lake Sockeye,1951,NA,NA,NA,Nass
41,424,Lake Sockeye,1951,NA,NA,NA,Nass
42,425,Lake Sockeye,1951,NA,NA,NA,Nass
43,416,Lake Sockeye,1951,NA,5500,NA,Nass
44,417,Lake Sockeye,1951,NA,5000,NA,Nass
45,426,River Sockeye,1951,NA,1500,NA,Nass
46,427,River Sockeye,1951,NA,NA,NA,Nass
47,401,Chinook,1952,NA,1550,NA,Nass
48,402,Chinook,1952,NA,600,NA,Nass
49,405,Chum,1952,NA,6550,NA,Nass
50,406,Chum,1952,NA,27550,NA,Nass
51,404,Chum,1952,NA,36550,NA,Nass
52,408,Coho,1952,NA,975,NA,Nass
53,410,Coho,1952,NA,5100,NA,Nass
54,409,Coho,1952,NA,NA,NA,Nass
55,414,Pink (Odd),1952,NA,NA,NA,Nass
56,412,Pink (Even),1952,NA,NA,NA,Nass
57,415,Pink (Odd),1952,NA,NA,NA,Nass
58,420,Lake Sockeye,1952,NA,NA,NA,Nass
59,418,Lake Sockeye,1952,NA,NA,NA,Nass
60,421,Lake Sockeye,1952,NA,NA,NA,Nass
61,422,Lake Sockeye,1952,NA,NA,NA,Nass
62,423,Lake Sockeye,1952,NA,NA,NA,Nass
63,419,Lake Sockeye,1952,NA,NA,NA,Nass
64,424,Lake Sockeye,1952,NA,NA,NA,Nass
65,425,Lake Sockeye,1952,NA,NA,NA,Nass
66,416,Lake Sockeye,1952,NA,6000,NA,Nass
67,417,Lake Sockeye,1952,NA,5000,NA,Nass
68,426,River Sockeye,1952,NA,15000,NA,Nass
69,427,River Sockeye,1952,NA,NA,NA,Nass
70,401,Chinook,1953,NA,1550,NA,Nass
71,402,Chinook,1953,NA,750,NA,Nass
72,405,Chum,1953,NA,2300,NA,Nass
73,406,Chum,1953,NA,42450,NA,Nass
74,404,Chum,1953,NA,6550,NA,Nass
75,408,Coho,1953,NA,1350,NA,Nass
76,410,Coho,1953,NA,2825,NA,Nass
77,409,Coho,1953,NA,NA,NA,Nass
78,414,Pink (Odd),1953,NA,15050,NA,Nass
79,412,Pink (Even),1953,NA,NA,NA,Nass
80,415,Pink (Odd),1953,NA,NA,NA,Nass
81,420,Lake Sockeye,1953,NA,NA,NA,Nass
82,418,Lake Sockeye,1953,NA,NA,NA,Nass
83,421,Lake Sockeye,1953,NA,NA,NA,Nass
84,422,Lake Sockeye,1953,NA,NA,NA,Nass
85,423,Lake Sockeye,1953,NA,NA,NA,Nass
86,419,Lake Sockeye,1953,NA,NA,NA,Nass
87,424,Lake Sockeye,1953,NA,NA,NA,Nass
88,425,Lake Sockeye,1953,NA,NA,NA,Nass
89,416,Lake Sockeye,1953,NA,3500,NA,Nass
90,417,Lake Sockeye,1953,NA,3500,NA,Nass
91,426,River Sockeye,1953,NA,7500,NA,Nass
92,427,River Sockeye,1953,NA,NA,NA,Nass
93,401,Chinook,1954,NA,1900,NA,Nass
94,402,Chinook,1954,NA,750,NA,Nass
95,405,Chum,1954,NA,3400,NA,Nass
96,406,Chum,1954,15177,11700,27407,Nass
97,404,Chum,1954,21170,14600,38229,Nass
98,408,Coho,1954,NA,1150,NA,Nass
99,410,Coho,1954,10039,7075,20543,Nass
100,409,Coho,1954,NA,NA,NA,Nass
101,414,Pink (Odd),1954,NA,NA,NA,Nass
102,412,Pink (Even),1954,NA,NA,NA,Nass
103,415,Pink (Odd),1954,NA,NA,NA,Nass
104,420,Lake Sockeye,1954,NA,NA,NA,Nass
105,418,Lake Sockeye,1954,NA,NA,NA,Nass
106,421,Lake Sockeye,1954,NA,NA,NA,Nass
107,422,Lake Sockeye,1954,NA,NA,NA,Nass
108,423,Lake Sockeye,1954,NA,NA,NA,Nass
109,419,Lake Sockeye,1954,NA,NA,NA,Nass
110,424,Lake Sockeye,1954,NA,NA,NA,Nass
111,425,Lake Sockeye,1954,NA,NA,NA,Nass
112,416,Lake Sockeye,1954,NA,5000,NA,Nass
113,417,Lake Sockeye,1954,NA,3500,NA,Nass
114,426,River Sockeye,1954,NA,2250,NA,Nass
115,427,River Sockeye,1954,NA,NA,NA,Nass
116,401,Chinook,1955,NA,1350,NA,Nass
117,402,Chinook,1955,NA,400,NA,Nass
118,405,Chum,1955,NA,2350,NA,Nass
119,406,Chum,1955,7630,5200,13610,Nass
120,404,Chum,1955,4218,3000,7523,Nass
121,408,Coho,1955,NA,1500,NA,Nass
122,410,Coho,1955,41215,15300,84333,Nass
123,409,Coho,1955,NA,NA,NA,Nass
124,414,Pink (Odd),1955,61559,46625,109804,Nass
125,412,Pink (Even),1955,NA,NA,NA,Nass
126,415,Pink (Odd),1955,NA,NA,NA,Nass
127,420,Lake Sockeye,1955,NA,NA,NA,Nass
128,418,Lake Sockeye,1955,NA,NA,NA,Nass
129,421,Lake Sockeye,1955,NA,NA,NA,Nass
130,422,Lake Sockeye,1955,NA,NA,NA,Nass
131,423,Lake Sockeye,1955,NA,NA,NA,Nass
132,419,Lake Sockeye,1955,NA,NA,NA,Nass
133,424,Lake Sockeye,1955,NA,NA,NA,Nass
134,425,Lake Sockeye,1955,NA,NA,NA,Nass
135,416,Lake Sockeye,1955,NA,NA,NA,Nass
136,417,Lake Sockeye,1955,NA,1500,NA,Nass
137,426,River Sockeye,1955,NA,1500,NA,Nass
138,427,River Sockeye,1955,NA,NA,NA,Nass
139,401,Chinook,1956,NA,1775,NA,Nass
140,402,Chinook,1956,NA,6500,NA,Nass
141,405,Chum,1956,NA,4275,NA,Nass
142,406,Chum,1956,37119,28700,93851,Nass
143,404,Chum,1956,17807,10700,45024,Nass
144,408,Coho,1956,NA,1575,NA,Nass
145,410,Coho,1956,23778,7950,48654,Nass
146,409,Coho,1956,NA,NA,NA,Nass
147,414,Pink (Odd),1956,NA,NA,NA,Nass
148,412,Pink (Even),1956,NA,NA,NA,Nass
149,415,Pink (Odd),1956,NA,NA,NA,Nass
150,420,Lake Sockeye,1956,NA,NA,NA,Nass
151,418,Lake Sockeye,1956,NA,NA,NA,Nass
152,421,Lake Sockeye,1956,NA,5000,NA,Nass
153,422,Lake Sockeye,1956,NA,NA,NA,Nass
154,423,Lake Sockeye,1956,NA,NA,NA,Nass
155,419,Lake Sockeye,1956,NA,NA,NA,Nass
156,424,Lake Sockeye,1956,NA,NA,NA,Nass
157,425,Lake Sockeye,1956,NA,NA,NA,Nass
158,416,Lake Sockeye,1956,NA,2000,NA,Nass
159,417,Lake Sockeye,1956,NA,3500,NA,Nass
160,426,River Sockeye,1956,NA,8250,NA,Nass
161,427,River Sockeye,1956,NA,NA,NA,Nass
162,401,Chinook,1957,NA,1150,NA,Nass
163,402,Chinook,1957,NA,11750,NA,Nass
164,405,Chum,1957,NA,3500,NA,Nass
165,406,Chum,1957,56252,39300,118652,Nass
166,404,Chum,1957,32417,21100,68376,Nass
167,408,Coho,1957,NA,3725,NA,Nass
168,410,Coho,1957,23778,8300,48654,Nass
169,409,Coho,1957,NA,NA,NA,Nass
170,414,Pink (Odd),1957,44822,14725,94541,Nass
171,412,Pink (Even),1957,NA,NA,NA,Nass
172,415,Pink (Odd),1957,NA,NA,NA,Nass
173,420,Lake Sockeye,1957,NA,NA,NA,Nass
174,418,Lake Sockeye,1957,NA,NA,NA,Nass
175,421,Lake Sockeye,1957,NA,20000,NA,Nass
176,422,Lake Sockeye,1957,NA,60000,NA,Nass
177,423,Lake Sockeye,1957,NA,NA,NA,Nass
178,419,Lake Sockeye,1957,NA,NA,NA,Nass
179,424,Lake Sockeye,1957,NA,180000,NA,Nass
180,425,Lake Sockeye,1957,NA,NA,NA,Nass
181,416,Lake Sockeye,1957,NA,750,NA,Nass
182,417,Lake Sockeye,1957,NA,1500,NA,Nass
183,426,River Sockeye,1957,NA,8175,NA,Nass
184,427,River Sockeye,1957,NA,NA,NA,Nass
185,401,Chinook,1958,NA,225,NA,Nass
186,402,Chinook,1958,NA,11400,NA,Nass
187,405,Chum,1958,67749,1750,127522,Nass
188,406,Chum,1958,61534,41175,115824,Nass
189,404,Chum,1958,22328,15025,42027,Nass
190,408,Coho,1958,NA,7900,NA,Nass
191,410,Coho,1958,23778,7450,48654,Nass
192,409,Coho,1958,NA,NA,NA,Nass
193,414,Pink (Odd),1958,NA,NA,NA,Nass
194,412,Pink (Even),1958,NA,NA,NA,Nass
195,415,Pink (Odd),1958,NA,NA,NA,Nass
196,420,Lake Sockeye,1958,NA,NA,NA,Nass
197,418,Lake Sockeye,1958,NA,NA,NA,Nass
198,421,Lake Sockeye,1958,NA,NA,NA,Nass
199,422,Lake Sockeye,1958,NA,NA,NA,Nass
200,423,Lake Sockeye,1958,NA,NA,NA,Nass
201,419,Lake Sockeye,1958,NA,NA,NA,Nass
202,424,Lake Sockeye,1958,NA,82000,NA,Nass
203,425,Lake Sockeye,1958,NA,NA,NA,Nass
204,416,Lake Sockeye,1958,NA,10000,NA,Nass
205,417,Lake Sockeye,1958,NA,1200,NA,Nass
206,426,River Sockeye,1958,NA,4275,NA,Nass
207,427,River Sockeye,1958,NA,NA,NA,Nass
208,401,Chinook,1959,NA,100,NA,Nass
209,402,Chinook,1959,NA,6000,NA,Nass
210,405,Chum,1959,149049,1800,261939,Nass
211,406,Chum,1959,191176,90545,335973,Nass
212,404,Chum,1959,15014,10650,26386,Nass
213,408,Coho,1959,34969,9875,71554,Nass
214,410,Coho,1959,3603,925,7372,Nass
215,409,Coho,1959,NA,NA,NA,Nass
216,414,Pink (Odd),1959,284809,97062,500526,Nass
217,412,Pink (Even),1959,NA,NA,NA,Nass
218,415,Pink (Odd),1959,NA,NA,NA,Nass
219,420,Lake Sockeye,1959,NA,NA,NA,Nass
220,418,Lake Sockeye,1959,NA,NA,NA,Nass
221,421,Lake Sockeye,1959,NA,NA,NA,Nass
222,422,Lake Sockeye,1959,NA,NA,NA,Nass
223,423,Lake Sockeye,1959,NA,NA,NA,Nass
224,419,Lake Sockeye,1959,NA,NA,NA,Nass
225,424,Lake Sockeye,1959,NA,32000,NA,Nass
226,425,Lake Sockeye,1959,NA,NA,NA,Nass
227,416,Lake Sockeye,1959,NA,7500,NA,Nass
228,417,Lake Sockeye,1959,NA,3500,NA,Nass
229,426,River Sockeye,1959,NA,9500,NA,Nass
230,427,River Sockeye,1959,NA,NA,NA,Nass
231,401,Chinook,1960,NA,25,NA,Nass
232,402,Chinook,1960,NA,4200,NA,Nass
233,405,Chum,1960,94849,350,159979,Nass
234,406,Chum,1960,57023,27200,96180,Nass
235,404,Chum,1960,16567,5000,27943,Nass
236,408,Coho,1960,NA,3000,NA,Nass
237,410,Coho,1960,NA,NA,NA,Nass
238,409,Coho,1960,NA,NA,NA,Nass
239,414,Pink (Odd),1960,NA,NA,NA,Nass
240,412,Pink (Even),1960,NA,NA,NA,Nass
241,415,Pink (Odd),1960,NA,NA,NA,Nass
242,420,Lake Sockeye,1960,NA,NA,NA,Nass
243,418,Lake Sockeye,1960,NA,NA,NA,Nass
244,421,Lake Sockeye,1960,NA,NA,NA,Nass
245,422,Lake Sockeye,1960,NA,NA,NA,Nass
246,423,Lake Sockeye,1960,NA,NA,NA,Nass
247,419,Lake Sockeye,1960,NA,NA,NA,Nass
248,424,Lake Sockeye,1960,NA,NA,NA,Nass
249,425,Lake Sockeye,1960,NA,NA,NA,Nass
250,416,Lake Sockeye,1960,9416,3500,11297,Nass
251,417,Lake Sockeye,1960,7000,3500,8398,Nass
252,426,River Sockeye,1960,NA,6500,NA,Nass
253,427,River Sockeye,1960,NA,NA,NA,Nass
254,401,Chinook,1961,NA,1225,NA,Nass
255,402,Chinook,1961,NA,1150,NA,Nass
256,405,Chum,1961,203248,1500,340284,Nass
257,406,Chum,1961,92384,86000,154672,Nass
258,404,Chum,1961,21161,12750,35429,Nass
259,408,Coho,1961,69939,5700,143108,Nass
260,410,Coho,1961,NA,7000,NA,Nass
261,409,Coho,1961,NA,NA,NA,Nass
262,414,Pink (Odd),1961,397838,209175,666072,Nass
263,412,Pink (Even),1961,NA,NA,NA,Nass
264,415,Pink (Odd),1961,NA,NA,NA,Nass
265,420,Lake Sockeye,1961,NA,NA,NA,Nass
266,418,Lake Sockeye,1961,NA,NA,NA,Nass
267,421,Lake Sockeye,1961,NA,NA,NA,Nass
268,422,Lake Sockeye,1961,NA,NA,NA,Nass
269,423,Lake Sockeye,1961,NA,NA,NA,Nass
270,419,Lake Sockeye,1961,NA,NA,NA,Nass
271,424,Lake Sockeye,1961,NA,NA,NA,Nass
272,425,Lake Sockeye,1961,NA,NA,NA,Nass
273,416,Lake Sockeye,1961,20178,7500,23945,Nass
274,417,Lake Sockeye,1961,7000,3500,8307,Nass
275,426,River Sockeye,1961,NA,3900,NA,Nass
276,427,River Sockeye,1961,NA,NA,NA,Nass
277,401,Chinook,1962,NA,1550,NA,Nass
278,402,Chinook,1962,NA,2250,NA,Nass
279,405,Chum,1962,NA,NA,NA,Nass
280,406,Chum,1962,6537,6800,9402,Nass
281,404,Chum,1962,61409,37000,88326,Nass
282,408,Coho,1962,39965,5400,81776,Nass
283,410,Coho,1962,NA,5000,NA,Nass
284,409,Coho,1962,NA,NA,NA,Nass
285,414,Pink (Odd),1962,NA,NA,NA,Nass
286,412,Pink (Even),1962,NA,NA,NA,Nass
287,415,Pink (Odd),1962,NA,NA,NA,Nass
288,420,Lake Sockeye,1962,NA,NA,NA,Nass
289,418,Lake Sockeye,1962,NA,NA,NA,Nass
290,421,Lake Sockeye,1962,NA,NA,NA,Nass
291,422,Lake Sockeye,1962,NA,NA,NA,Nass
292,423,Lake Sockeye,1962,NA,NA,NA,Nass
293,419,Lake Sockeye,1962,NA,NA,NA,Nass
294,424,Lake Sockeye,1962,NA,NA,NA,Nass
295,425,Lake Sockeye,1962,NA,NA,NA,Nass
296,416,Lake Sockeye,1962,9416,3500,11371,Nass
297,417,Lake Sockeye,1962,7000,3500,8453,Nass
298,426,River Sockeye,1962,NA,775,NA,Nass
299,427,River Sockeye,1962,NA,NA,NA,Nass
300,401,Chinook,1963,NA,5300,NA,Nass
301,402,Chinook,1963,NA,5000,NA,Nass
302,405,Chum,1963,54200,250,69722,Nass
303,406,Chum,1963,51635,40750,66422,Nass
304,404,Chum,1963,40165,25775,51668,Nass
305,408,Coho,1963,74935,12500,140014,Nass
306,410,Coho,1963,NA,12650,NA,Nass
307,409,Coho,1963,NA,NA,NA,Nass
308,414,Pink (Odd),1963,323136,172425,415679,Nass
309,412,Pink (Even),1963,NA,NA,NA,Nass
310,415,Pink (Odd),1963,NA,NA,NA,Nass
311,420,Lake Sockeye,1963,NA,NA,NA,Nass
312,418,Lake Sockeye,1963,NA,NA,NA,Nass
313,421,Lake Sockeye,1963,NA,NA,NA,Nass
314,422,Lake Sockeye,1963,NA,NA,NA,Nass
315,423,Lake Sockeye,1963,NA,NA,NA,Nass
316,419,Lake Sockeye,1963,NA,NA,NA,Nass
317,424,Lake Sockeye,1963,NA,NA,NA,Nass
318,425,Lake Sockeye,1963,NA,NA,NA,Nass
319,416,Lake Sockeye,1963,20178,7500,22558,Nass
320,417,Lake Sockeye,1963,7000,3500,7826,Nass
321,426,River Sockeye,1963,NA,2650,NA,Nass
322,427,River Sockeye,1963,NA,NA,NA,Nass
323,401,Chinook,1964,NA,6500,NA,Nass
324,402,Chinook,1964,NA,5000,NA,Nass
325,405,Chum,1964,406496,2250,611433,Nass
326,406,Chum,1964,50879,37300,76530,Nass
327,404,Chum,1964,75517,45500,113589,Nass
328,408,Coho,1964,32172,7300,77645,Nass
329,410,Coho,1964,NA,16675,NA,Nass
330,409,Coho,1964,NA,NA,NA,Nass
331,414,Pink (Odd),1964,NA,NA,NA,Nass
332,412,Pink (Even),1964,NA,NA,NA,Nass
333,415,Pink (Odd),1964,NA,NA,NA,Nass
334,420,Lake Sockeye,1964,NA,NA,NA,Nass
335,418,Lake Sockeye,1964,NA,NA,NA,Nass
336,421,Lake Sockeye,1964,NA,7500,NA,Nass
337,422,Lake Sockeye,1964,NA,15000,NA,Nass
338,423,Lake Sockeye,1964,NA,NA,NA,Nass
339,419,Lake Sockeye,1964,NA,NA,NA,Nass
340,424,Lake Sockeye,1964,NA,113000,NA,Nass
341,425,Lake Sockeye,1964,NA,NA,NA,Nass
342,416,Lake Sockeye,1964,9416,3500,11294,Nass
343,417,Lake Sockeye,1964,7000,3500,8396,Nass
344,426,River Sockeye,1964,NA,2250,NA,Nass
345,427,River Sockeye,1964,NA,NA,NA,Nass
346,401,Chinook,1965,NA,8230,NA,Nass
347,402,Chinook,1965,NA,2850,NA,Nass
348,405,Chum,1965,54200,200,97860,Nass
349,406,Chum,1965,21776,17950,39318,Nass
350,404,Chum,1965,22310,12075,40282,Nass
351,408,Coho,1965,127305,28600,229880,Nass
352,410,Coho,1965,21617,28650,39035,Nass
353,409,Coho,1965,NA,7000,NA,Nass
354,414,Pink (Odd),1965,411951,276100,743798,Nass
355,412,Pink (Even),1965,NA,NA,NA,Nass
356,415,Pink (Odd),1965,NA,NA,NA,Nass
357,420,Lake Sockeye,1965,NA,NA,NA,Nass
358,418,Lake Sockeye,1965,NA,NA,NA,Nass
359,421,Lake Sockeye,1965,NA,3500,NA,Nass
360,422,Lake Sockeye,1965,NA,3500,NA,Nass
361,423,Lake Sockeye,1965,NA,NA,NA,Nass
362,419,Lake Sockeye,1965,NA,NA,NA,Nass
363,424,Lake Sockeye,1965,NA,98000,NA,Nass
364,425,Lake Sockeye,1965,NA,NA,NA,Nass
365,416,Lake Sockeye,1965,9416,3500,10965,Nass
366,417,Lake Sockeye,1965,7000,3500,8152,Nass
367,426,River Sockeye,1965,NA,7000,NA,Nass
368,427,River Sockeye,1965,NA,NA,NA,Nass
369,401,Chinook,1966,NA,10685,NA,Nass
370,402,Chinook,1966,NA,3600,NA,Nass
371,405,Chum,1966,203248,2450,320647,Nass
372,406,Chum,1966,14847,12700,23424,Nass
373,404,Chum,1966,33194,20200,52367,Nass
374,408,Coho,1966,92824,35575,205576,Nass
375,410,Coho,1966,5764,45200,12767,Nass
376,409,Coho,1966,NA,1150,NA,Nass
377,414,Pink (Odd),1966,NA,NA,NA,Nass
378,412,Pink (Even),1966,NA,NA,NA,Nass
379,415,Pink (Odd),1966,NA,NA,NA,Nass
380,420,Lake Sockeye,1966,NA,NA,NA,Nass
381,418,Lake Sockeye,1966,NA,NA,NA,Nass
382,421,Lake Sockeye,1966,NA,3500,NA,Nass
383,422,Lake Sockeye,1966,NA,7500,NA,Nass
384,423,Lake Sockeye,1966,NA,NA,NA,Nass
385,419,Lake Sockeye,1966,NA,NA,NA,Nass
386,424,Lake Sockeye,1966,NA,64684,NA,Nass
387,425,Lake Sockeye,1966,NA,NA,NA,Nass
388,416,Lake Sockeye,1966,4036,1500,5019,Nass
389,417,Lake Sockeye,1966,4000,2000,4975,Nass
390,426,River Sockeye,1966,NA,7275,NA,Nass
391,427,River Sockeye,1966,NA,NA,NA,Nass
392,401,Chinook,1967,NA,10500,NA,Nass
393,402,Chinook,1967,NA,17150,NA,Nass
394,405,Chum,1967,203248,3750,464743,Nass
395,406,Chum,1967,13717,21450,31364,Nass
396,404,Chum,1967,23134,14700,52898,Nass
397,408,Coho,1967,29141,14600,51753,Nass
398,410,Coho,1967,NA,21925,NA,Nass
399,409,Coho,1967,NA,2250,NA,Nass
400,414,Pink (Odd),1967,88377,62365,202081,Nass
401,412,Pink (Even),1967,NA,NA,NA,Nass
402,415,Pink (Odd),1967,NA,NA,NA,Nass
403,420,Lake Sockeye,1967,NA,NA,NA,Nass
404,418,Lake Sockeye,1967,NA,NA,NA,Nass
405,421,Lake Sockeye,1967,NA,3000,NA,Nass
406,422,Lake Sockeye,1967,NA,7500,NA,Nass
407,423,Lake Sockeye,1967,NA,NA,NA,Nass
408,419,Lake Sockeye,1967,NA,NA,NA,Nass
409,424,Lake Sockeye,1967,NA,41278,NA,Nass
410,425,Lake Sockeye,1967,NA,NA,NA,Nass
411,416,Lake Sockeye,1967,12107,4500,15425,Nass
412,417,Lake Sockeye,1967,7000,3500,8919,Nass
413,426,River Sockeye,1967,NA,4000,NA,Nass
414,427,River Sockeye,1967,NA,NA,NA,Nass
415,401,Chinook,1968,NA,15900,NA,Nass
416,402,Chinook,1968,NA,12400,NA,Nass
417,405,Chum,1968,6775,3575,12000,Nass
418,406,Chum,1968,24348,27000,43126,Nass
419,404,Chum,1968,44180,27500,78252,Nass
420,408,Coho,1968,40077,21250,88759,Nass
421,410,Coho,1968,21617,16550,47875,Nass
422,409,Coho,1968,NA,7000,NA,Nass
423,414,Pink (Odd),1968,NA,NA,NA,Nass
424,412,Pink (Even),1968,NA,NA,NA,Nass
425,415,Pink (Odd),1968,NA,NA,NA,Nass
426,420,Lake Sockeye,1968,NA,NA,NA,Nass
427,418,Lake Sockeye,1968,NA,NA,NA,Nass
428,421,Lake Sockeye,1968,NA,5000,NA,Nass
429,422,Lake Sockeye,1968,NA,7500,NA,Nass
430,423,Lake Sockeye,1968,NA,NA,NA,Nass
431,419,Lake Sockeye,1968,NA,NA,NA,Nass
432,424,Lake Sockeye,1968,NA,71730,NA,Nass
433,425,Lake Sockeye,1968,NA,NA,NA,Nass
434,416,Lake Sockeye,1968,9416,3500,11630,Nass
435,417,Lake Sockeye,1968,3000,1500,3705,Nass
436,426,River Sockeye,1968,NA,4475,NA,Nass
437,427,River Sockeye,1968,NA,NA,NA,Nass
438,401,Chinook,1969,NA,3350,NA,Nass
439,402,Chinook,1969,NA,25200,NA,Nass
440,405,Chum,1969,NA,300,NA,Nass
441,406,Chum,1969,9898,11750,16994,Nass
442,404,Chum,1969,26555,16000,45592,Nass
443,408,Coho,1969,11190,2325,20909,Nass
444,410,Coho,1969,21617,6950,40391,Nass
445,409,Coho,1969,26579,11750,49662,Nass
446,414,Pink (Odd),1969,76708,44225,131699,Nass
447,412,Pink (Even),1969,NA,NA,NA,Nass
448,415,Pink (Odd),1969,NA,NA,NA,Nass
449,420,Lake Sockeye,1969,NA,NA,NA,Nass
450,418,Lake Sockeye,1969,NA,NA,NA,Nass
451,421,Lake Sockeye,1969,NA,15000,NA,Nass
452,422,Lake Sockeye,1969,NA,7500,NA,Nass
453,423,Lake Sockeye,1969,NA,NA,NA,Nass
454,419,Lake Sockeye,1969,NA,NA,NA,Nass
455,424,Lake Sockeye,1969,NA,135328,NA,Nass
456,425,Lake Sockeye,1969,NA,NA,NA,Nass
457,416,Lake Sockeye,1969,9416,3500,11162,Nass
458,417,Lake Sockeye,1969,3000,1500,3556,Nass
459,426,River Sockeye,1969,NA,400,NA,Nass
460,427,River Sockeye,1969,NA,NA,NA,Nass
461,401,Chinook,1970,NA,6900,NA,Nass
462,402,Chinook,1970,NA,11350,NA,Nass
463,405,Chum,1970,20325,1800,32108,Nass
464,406,Chum,1970,14353,12000,22674,Nass
465,404,Chum,1970,34742,21600,54885,Nass
466,408,Coho,1970,38661,18000,82236,Nass
467,410,Coho,1970,12813,17550,27255,Nass
468,409,Coho,1970,12403,7750,26384,Nass
469,414,Pink (Odd),1970,NA,NA,NA,Nass
470,412,Pink (Even),1970,NA,NA,NA,Nass
471,415,Pink (Odd),1970,NA,NA,NA,Nass
472,420,Lake Sockeye,1970,NA,NA,NA,Nass
473,418,Lake Sockeye,1970,NA,NA,NA,Nass
474,421,Lake Sockeye,1970,NA,12000,NA,Nass
475,422,Lake Sockeye,1970,NA,7500,NA,Nass
476,423,Lake Sockeye,1970,NA,NA,NA,Nass
477,419,Lake Sockeye,1970,NA,NA,NA,Nass
478,424,Lake Sockeye,1970,NA,77078,NA,Nass
479,425,Lake Sockeye,1970,NA,NA,NA,Nass
480,416,Lake Sockeye,1970,9416,3500,11178,Nass
481,417,Lake Sockeye,1970,3000,1500,3561,Nass
482,426,River Sockeye,1970,NA,3700,NA,Nass
483,427,River Sockeye,1970,NA,NA,NA,Nass
484,401,Chinook,1971,NA,5250,NA,Nass
485,402,Chinook,1971,NA,11750,NA,Nass
486,405,Chum,1971,NA,2300,NA,Nass
487,406,Chum,1971,16992,12400,26185,Nass
488,404,Chum,1971,21402,14125,32981,Nass
489,408,Coho,1971,74032,14725,157473,Nass
490,410,Coho,1971,21136,18700,44958,Nass
491,409,Coho,1971,12403,10900,26384,Nass
492,414,Pink (Odd),1971,238572,131525,367647,Nass
493,412,Pink (Even),1971,NA,NA,NA,Nass
494,415,Pink (Odd),1971,NA,NA,NA,Nass
495,420,Lake Sockeye,1971,NA,NA,NA,Nass
496,418,Lake Sockeye,1971,NA,NA,NA,Nass
497,421,Lake Sockeye,1971,NA,15000,NA,Nass
498,422,Lake Sockeye,1971,NA,15000,NA,Nass
499,423,Lake Sockeye,1971,NA,NA,NA,Nass
500,419,Lake Sockeye,1971,NA,NA,NA,Nass
501,424,Lake Sockeye,1971,NA,191674,NA,Nass
502,425,Lake Sockeye,1971,NA,NA,NA,Nass
503,416,Lake Sockeye,1971,5381,2000,6490,Nass
504,417,Lake Sockeye,1971,4000,2000,4824,Nass
505,426,River Sockeye,1971,NA,2100,NA,Nass
506,427,River Sockeye,1971,NA,NA,NA,Nass
507,401,Chinook,1972,NA,5300,NA,Nass
508,402,Chinook,1972,NA,14500,NA,Nass
509,405,Chum,1972,NA,2000,NA,Nass
510,406,Chum,1972,47017,39775,74133,Nass
511,404,Chum,1972,63021,39350,99367,Nass
512,408,Coho,1972,33272,4000,86095,Nass
513,410,Coho,1972,11625,10350,30080,Nass
514,409,Coho,1972,NA,6500,NA,Nass
515,414,Pink (Odd),1972,NA,NA,NA,Nass
516,412,Pink (Even),1972,NA,NA,NA,Nass
517,415,Pink (Odd),1972,NA,NA,NA,Nass
518,420,Lake Sockeye,1972,NA,NA,NA,Nass
519,418,Lake Sockeye,1972,NA,NA,NA,Nass
520,421,Lake Sockeye,1972,NA,12000,NA,Nass
521,422,Lake Sockeye,1972,NA,5000,NA,Nass
522,423,Lake Sockeye,1972,NA,NA,NA,Nass
523,419,Lake Sockeye,1972,NA,NA,NA,Nass
524,424,Lake Sockeye,1972,NA,129525,NA,Nass
525,425,Lake Sockeye,1972,NA,NA,NA,Nass
526,416,Lake Sockeye,1972,2690,1000,3262,Nass
527,417,Lake Sockeye,1972,2000,1000,2425,Nass
528,426,River Sockeye,1972,NA,1350,NA,Nass
529,427,River Sockeye,1972,NA,NA,NA,Nass
530,401,Chinook,1973,NA,1000,NA,Nass
531,402,Chinook,1973,NA,2550,NA,Nass
532,405,Chum,1973,NA,3350,NA,Nass
533,406,Chum,1973,50375,34675,72691,Nass
534,404,Chum,1973,45246,28000,65290,Nass
535,408,Coho,1973,25500,2575,48488,Nass
536,410,Coho,1973,NA,4250,NA,Nass
537,409,Coho,1973,7088,2575,13477,Nass
538,414,Pink (Odd),1973,124760,65700,180029,Nass
539,412,Pink (Even),1973,NA,NA,NA,Nass
540,415,Pink (Odd),1973,NA,NA,NA,Nass
541,420,Lake Sockeye,1973,NA,NA,NA,Nass
542,418,Lake Sockeye,1973,NA,NA,NA,Nass
543,421,Lake Sockeye,1973,NA,3500,NA,Nass
544,422,Lake Sockeye,1973,NA,3500,NA,Nass
545,423,Lake Sockeye,1973,NA,NA,NA,Nass
546,419,Lake Sockeye,1973,NA,NA,NA,Nass
547,424,Lake Sockeye,1973,NA,234627,NA,Nass
548,425,Lake Sockeye,1973,NA,NA,NA,Nass
549,416,Lake Sockeye,1973,2690,1000,3343,Nass
550,417,Lake Sockeye,1973,1600,800,1988,Nass
551,426,River Sockeye,1973,NA,160,NA,Nass
552,427,River Sockeye,1973,NA,NA,NA,Nass
553,401,Chinook,1974,NA,2175,NA,Nass
554,402,Chinook,1974,NA,1600,NA,Nass
555,405,Chum,1974,2710,2645,4625,Nass
556,406,Chum,1974,136927,84825,233698,Nass
557,404,Chum,1974,51441,34100,87797,Nass
558,408,Coho,1974,23675,5385,49383,Nass
559,410,Coho,1974,41560,7950,86688,Nass
560,409,Coho,1974,2835,3100,5914,Nass
561,414,Pink (Odd),1974,NA,NA,NA,Nass
562,412,Pink (Even),1974,NA,NA,NA,Nass
563,415,Pink (Odd),1974,NA,NA,NA,Nass
564,420,Lake Sockeye,1974,NA,NA,NA,Nass
565,418,Lake Sockeye,1974,NA,NA,NA,Nass
566,421,Lake Sockeye,1974,NA,2500,NA,Nass
567,422,Lake Sockeye,1974,NA,3200,NA,Nass
568,423,Lake Sockeye,1974,NA,NA,NA,Nass
569,419,Lake Sockeye,1974,NA,NA,NA,Nass
570,424,Lake Sockeye,1974,NA,165259,NA,Nass
571,425,Lake Sockeye,1974,NA,NA,NA,Nass
572,416,Lake Sockeye,1974,1345,500,1706,Nass
573,417,Lake Sockeye,1974,1200,600,1522,Nass
574,426,River Sockeye,1974,NA,1,NA,Nass
575,427,River Sockeye,1974,NA,NA,NA,Nass
576,401,Chinook,1975,NA,1900,NA,Nass
577,402,Chinook,1975,NA,4125,NA,Nass
578,405,Chum,1975,NA,50,NA,Nass
579,406,Chum,1975,27706,16800,38744,Nass
580,404,Chum,1975,20638,13700,28859,Nass
581,408,Coho,1975,47350,3200,82725,Nass
582,410,Coho,1975,20780,5200,36305,Nass
583,409,Coho,1975,7088,7010,12383,Nass
584,414,Pink (Odd),1975,256227,138165,358306,Nass
585,412,Pink (Even),1975,NA,NA,NA,Nass
586,415,Pink (Odd),1975,NA,NA,NA,Nass
587,420,Lake Sockeye,1975,NA,NA,NA,Nass
588,418,Lake Sockeye,1975,NA,NA,NA,Nass
589,421,Lake Sockeye,1975,NA,2800,NA,Nass
590,422,Lake Sockeye,1975,NA,3000,NA,Nass
591,423,Lake Sockeye,1975,NA,NA,NA,Nass
592,419,Lake Sockeye,1975,NA,NA,NA,Nass
593,424,Lake Sockeye,1975,NA,54095,NA,Nass
594,425,Lake Sockeye,1975,NA,NA,NA,Nass
595,416,Lake Sockeye,1975,2690,1000,3098,Nass
596,417,Lake Sockeye,1975,2000,1000,2303,Nass
597,426,River Sockeye,1975,NA,200,NA,Nass
598,427,River Sockeye,1975,NA,NA,NA,Nass
599,401,Chinook,1976,NA,1650,NA,Nass
600,402,Chinook,1976,NA,3940,NA,Nass
601,405,Chum,1976,13550,5050,18266,Nass
602,406,Chum,1976,70351,45100,94837,Nass
603,404,Chum,1976,22623,14500,30497,Nass
604,408,Coho,1976,47098,13725,82284,Nass
605,410,Coho,1976,21136,11850,36926,Nass
606,409,Coho,1976,7088,7125,12383,Nass
607,414,Pink (Odd),1976,NA,NA,NA,Nass
608,412,Pink (Even),1976,NA,NA,NA,Nass
609,415,Pink (Odd),1976,NA,NA,NA,Nass
610,420,Lake Sockeye,1976,NA,NA,NA,Nass
611,418,Lake Sockeye,1976,NA,NA,NA,Nass
612,421,Lake Sockeye,1976,NA,10000,NA,Nass
613,422,Lake Sockeye,1976,NA,7000,NA,Nass
614,423,Lake Sockeye,1976,NA,NA,NA,Nass
615,419,Lake Sockeye,1976,NA,NA,NA,Nass
616,424,Lake Sockeye,1976,NA,102430,NA,Nass
617,425,Lake Sockeye,1976,NA,NA,NA,Nass
618,416,Lake Sockeye,1976,1883,700,2293,Nass
619,417,Lake Sockeye,1976,1400,700,1704,Nass
620,426,River Sockeye,1976,NA,1500,NA,Nass
621,427,River Sockeye,1976,NA,NA,NA,Nass
622,401,Chinook,1977,NA,2600,NA,Nass
623,402,Chinook,1977,NA,6460,NA,Nass
624,405,Chum,1977,NA,725,NA,Nass
625,406,Chum,1977,52443,36050,119753,Nass
626,404,Chum,1977,40072,21000,91505,Nass
627,408,Coho,1977,24692,21255,54685,Nass
628,410,Coho,1977,17965,7925,39788,Nass
629,409,Coho,1977,10632,6425,23546,Nass
630,414,Pink (Odd),1977,317145,227130,724195,Nass
631,412,Pink (Even),1977,NA,NA,NA,Nass
632,415,Pink (Odd),1977,NA,NA,NA,Nass
633,420,Lake Sockeye,1977,NA,NA,NA,Nass
634,418,Lake Sockeye,1977,NA,NA,NA,Nass
635,421,Lake Sockeye,1977,NA,8000,NA,Nass
636,422,Lake Sockeye,1977,NA,20000,NA,Nass
637,423,Lake Sockeye,1977,NA,NA,NA,Nass
638,419,Lake Sockeye,1977,NA,NA,NA,Nass
639,424,Lake Sockeye,1977,NA,242351,NA,Nass
640,425,Lake Sockeye,1977,NA,NA,NA,Nass
641,416,Lake Sockeye,1977,4036,1500,4924,Nass
642,417,Lake Sockeye,1977,400,200,488,Nass
643,426,River Sockeye,1977,NA,8825,NA,Nass
644,427,River Sockeye,1977,NA,NA,NA,Nass
645,401,Chinook,1978,NA,3900,NA,Nass
646,402,Chinook,1978,NA,6290,NA,Nass
647,405,Chum,1978,NA,15730,NA,Nass
648,406,Chum,1978,58359,38140,108848,Nass
649,404,Chum,1978,35712,22100,66608,Nass
650,408,Coho,1978,58986,13675,164506,Nass
651,410,Coho,1978,15852,11125,44209,Nass
652,409,Coho,1978,6928,8300,19322,Nass
653,414,Pink (Odd),1978,NA,NA,NA,Nass
654,412,Pink (Even),1978,NA,NA,NA,Nass
655,415,Pink (Odd),1978,NA,NA,NA,Nass
656,420,Lake Sockeye,1978,NA,NA,NA,Nass
657,418,Lake Sockeye,1978,NA,NA,NA,Nass
658,421,Lake Sockeye,1978,NA,3500,NA,Nass
659,422,Lake Sockeye,1978,NA,7000,NA,Nass
660,423,Lake Sockeye,1978,NA,NA,NA,Nass
661,419,Lake Sockeye,1978,NA,NA,NA,Nass
662,424,Lake Sockeye,1978,NA,111018,NA,Nass
663,425,Lake Sockeye,1978,NA,NA,NA,Nass
664,416,Lake Sockeye,1978,1345,500,1656,Nass
665,417,Lake Sockeye,1978,800,400,985,Nass
666,426,River Sockeye,1978,NA,2560,NA,Nass
667,427,River Sockeye,1978,NA,50,NA,Nass
668,401,Chinook,1979,NA,3065,NA,Nass
669,402,Chinook,1979,NA,5115,NA,Nass
670,405,Chum,1979,NA,2987,NA,Nass
671,406,Chum,1979,50937,32425,84645,Nass
672,404,Chum,1979,11150,6901,18528,Nass
673,408,Coho,1979,41519,7825,122124,Nass
674,410,Coho,1979,14795,6000,43518,Nass
675,409,Coho,1979,5800,4830,17061,Nass
676,414,Pink (Odd),1979,82801,50625,137594,Nass
677,412,Pink (Even),1979,NA,NA,NA,Nass
678,415,Pink (Odd),1979,NA,NA,NA,Nass
679,420,Lake Sockeye,1979,NA,NA,NA,Nass
680,418,Lake Sockeye,1979,NA,NA,NA,Nass
681,421,Lake Sockeye,1979,NA,700,NA,Nass
682,422,Lake Sockeye,1979,NA,1500,NA,Nass
683,423,Lake Sockeye,1979,NA,NA,NA,Nass
684,419,Lake Sockeye,1979,NA,NA,NA,Nass
685,424,Lake Sockeye,1979,NA,2.00E+05,NA,Nass
686,425,Lake Sockeye,1979,NA,NA,NA,Nass
687,416,Lake Sockeye,1979,3228,1200,3914,Nass
688,417,Lake Sockeye,1979,500,250,606,Nass
689,426,River Sockeye,1979,NA,2574,NA,Nass
690,427,River Sockeye,1979,NA,20,NA,Nass
691,401,Chinook,1980,NA,1810,NA,Nass
692,402,Chinook,1980,NA,7262,NA,Nass
693,405,Chum,1980,NA,6660,NA,Nass
694,406,Chum,1980,53767,34334,96278,Nass
695,404,Chum,1980,20811,13800,37265,Nass
696,408,Coho,1980,37495,9625,120143,Nass
697,410,Coho,1980,11625,5945,37248,Nass
698,409,Coho,1980,9023,6775,28911,Nass
699,414,Pink (Odd),1980,NA,NA,NA,Nass
700,412,Pink (Even),1980,NA,NA,NA,Nass
701,415,Pink (Odd),1980,NA,NA,NA,Nass
702,420,Lake Sockeye,1980,NA,NA,NA,Nass
703,418,Lake Sockeye,1980,NA,NA,NA,Nass
704,421,Lake Sockeye,1980,NA,2000,NA,Nass
705,422,Lake Sockeye,1980,NA,800,NA,Nass
706,423,Lake Sockeye,1980,NA,NA,NA,Nass
707,419,Lake Sockeye,1980,NA,NA,NA,Nass
708,424,Lake Sockeye,1980,NA,142000,NA,Nass
709,425,Lake Sockeye,1980,NA,NA,NA,Nass
710,416,Lake Sockeye,1980,NA,NA,NA,Nass
711,417,Lake Sockeye,1980,2800,1400,3436,Nass
712,426,River Sockeye,1980,NA,4186,NA,Nass
713,427,River Sockeye,1980,NA,50,NA,Nass
714,401,Chinook,1981,NA,2050,NA,Nass
715,402,Chinook,1981,NA,5875,NA,Nass
716,405,Chum,1981,2710,1780,4873,Nass
717,406,Chum,1981,15721,10092,28269,Nass
718,404,Chum,1981,7039,4625,12657,Nass
719,408,Coho,1981,46823,13245,124147,Nass
720,410,Coho,1981,26420,13052,70049,Nass
721,409,Coho,1981,8378,8120,22214,Nass
722,414,Pink (Odd),1981,327083,204206,588130,Nass
723,412,Pink (Even),1981,NA,NA,NA,Nass
724,415,Pink (Odd),1981,NA,NA,NA,Nass
725,420,Lake Sockeye,1981,NA,NA,NA,Nass
726,418,Lake Sockeye,1981,NA,NA,NA,Nass
727,421,Lake Sockeye,1981,NA,500,NA,Nass
728,422,Lake Sockeye,1981,NA,7000,NA,Nass
729,423,Lake Sockeye,1981,NA,NA,NA,Nass
730,419,Lake Sockeye,1981,NA,NA,NA,Nass
731,424,Lake Sockeye,1981,NA,214193,NA,Nass
732,425,Lake Sockeye,1981,NA,NA,NA,Nass
733,416,Lake Sockeye,1981,1400,700,1705,Nass
734,417,Lake Sockeye,1981,1600,800,1949,Nass
735,426,River Sockeye,1981,NA,3475,NA,Nass
736,427,River Sockeye,1981,NA,400,NA,Nass
737,401,Chinook,1982,NA,2875,NA,Nass
738,402,Chinook,1982,NA,3700,NA,Nass
739,405,Chum,1982,6775,9725,11755,Nass
740,406,Chum,1982,18622,11901,32311,Nass
741,404,Chum,1982,11783,7701,20444,Nass
742,408,Coho,1982,32557,8185,70649,Nass
743,410,Coho,1982,54953,17000,119249,Nass
744,409,Coho,1982,8298,5820,18006,Nass
745,414,Pink (Odd),1982,NA,NA,NA,Nass
746,412,Pink (Even),1982,NA,NA,NA,Nass
747,415,Pink (Odd),1982,NA,NA,NA,Nass
748,420,Lake Sockeye,1982,NA,NA,NA,Nass
749,418,Lake Sockeye,1982,NA,NA,NA,Nass
750,421,Lake Sockeye,1982,5000,5000,14967,Nass
751,422,Lake Sockeye,1982,20000,20000,61723,Nass
752,423,Lake Sockeye,1982,NA,NA,NA,Nass
753,419,Lake Sockeye,1982,NA,NA,NA,Nass
754,424,Lake Sockeye,1982,250000,250000,682565,Nass
755,425,Lake Sockeye,1982,NA,NA,NA,Nass
756,416,Lake Sockeye,1982,6850,3425,8166,Nass
757,417,Lake Sockeye,1982,12000,6000,14305,Nass
758,426,River Sockeye,1982,2780,1070,6198,Nass
759,427,River Sockeye,1982,NA,NA,NA,Nass
760,401,Chinook,1983,NA,2280,NA,Nass
761,402,Chinook,1983,NA,5775,NA,Nass
762,405,Chum,1983,5420,4000,12560,Nass
763,406,Chum,1983,47754,30445,110659,Nass
764,404,Chum,1983,16067,10520,37232,Nass
765,408,Coho,1983,54871,14365,222137,Nass
766,410,Coho,1983,52839,17770,213912,Nass
767,409,Coho,1983,5156,4225,20873,Nass
768,414,Pink (Odd),1983,939366,731805,3110666,Nass
769,412,Pink (Even),1983,NA,NA,NA,Nass
770,415,Pink (Odd),1983,NA,NA,NA,Nass
771,420,Lake Sockeye,1983,NA,NA,NA,Nass
772,418,Lake Sockeye,1983,NA,NA,NA,Nass
773,421,Lake Sockeye,1983,500,500,2178,Nass
774,422,Lake Sockeye,1983,2000,2000,8779,Nass
775,423,Lake Sockeye,1983,NA,NA,NA,Nass
776,419,Lake Sockeye,1983,NA,NA,NA,Nass
777,424,Lake Sockeye,1983,170000,170000,507992,Nass
778,425,Lake Sockeye,1983,NA,NA,NA,Nass
779,416,Lake Sockeye,1983,2000,1000,2158,Nass
780,417,Lake Sockeye,1983,550,275,593,Nass
781,426,River Sockeye,1983,5560,2300,7478,Nass
782,427,River Sockeye,1983,392,300,2245,Nass
783,401,Chinook,1984,NA,3200,NA,Nass
784,402,Chinook,1984,NA,9420,NA,Nass
785,405,Chum,1984,NA,10300,NA,Nass
786,406,Chum,1984,56126,36100,137897,Nass
787,404,Chum,1984,32134,21000,78951,Nass
788,408,Coho,1984,34752,17725,105092,Nass
789,410,Coho,1984,132099,45000,399476,Nass
790,409,Coho,1984,6686,4925,20220,Nass
791,414,Pink (Odd),1984,NA,NA,NA,Nass
792,412,Pink (Even),1984,NA,NA,NA,Nass
793,415,Pink (Odd),1984,NA,NA,NA,Nass
794,420,Lake Sockeye,1984,NA,NA,NA,Nass
795,418,Lake Sockeye,1984,NA,NA,NA,Nass
796,421,Lake Sockeye,1984,1000,1000,3554,Nass
797,422,Lake Sockeye,1984,6000,6000,20414,Nass
798,423,Lake Sockeye,1984,NA,NA,NA,Nass
799,419,Lake Sockeye,1984,NA,NA,NA,Nass
800,424,Lake Sockeye,1984,140000,140000,391259,Nass
801,425,Lake Sockeye,1984,NA,NA,NA,Nass
802,416,Lake Sockeye,1984,2018,750,2312,Nass
803,417,Lake Sockeye,1984,6600,3300,7562,Nass
804,426,River Sockeye,1984,16125,6175,26301,Nass
805,427,River Sockeye,1984,229,175,1050,Nass
806,401,Chinook,1985,NA,1400,NA,Nass
807,402,Chinook,1985,NA,6599,NA,Nass
808,405,Chum,1985,NA,1850,NA,Nass
809,406,Chum,1985,38912,24907,66385,Nass
810,404,Chum,1985,33707,22214,57504,Nass
811,408,Coho,1985,73162,16200,241624,Nass
812,410,Coho,1985,68691,16300,226860,Nass
813,409,Coho,1985,15368,12039,50753,Nass
814,414,Pink (Odd),1985,807670,499121,1656933,Nass
815,412,Pink (Even),1985,NA,NA,NA,Nass
816,415,Pink (Odd),1985,NA,NA,NA,Nass
817,420,Lake Sockeye,1985,NA,NA,NA,Nass
818,418,Lake Sockeye,1985,NA,NA,NA,Nass
819,421,Lake Sockeye,1985,15000,15000,38854,Nass
820,422,Lake Sockeye,1985,15000,15000,39121,Nass
821,423,Lake Sockeye,1985,NA,NA,NA,Nass
822,419,Lake Sockeye,1985,NA,NA,NA,Nass
823,424,Lake Sockeye,1985,288663,288663,634486,Nass
824,425,Lake Sockeye,1985,NA,NA,NA,Nass
825,416,Lake Sockeye,1985,5000,2500,6323,Nass
826,417,Lake Sockeye,1985,3000,1500,3794,Nass
827,426,River Sockeye,1985,16681,6203,23527,Nass
828,427,River Sockeye,1985,392,300,1247,Nass
829,401,Chinook,1986,2138,1925,2614,Nass
830,402,Chinook,1986,36523,15450,46316,Nass
831,405,Chum,1986,NA,2350,NA,Nass
832,406,Chum,1986,42254,28680,84086,Nass
833,404,Chum,1986,5891,3870,11724,Nass
834,408,Coho,1986,46870,12760,205191,Nass
835,410,Coho,1986,63407,8650,277588,Nass
836,409,Coho,1986,16999,13500,74419,Nass
837,414,Pink (Odd),1986,NA,NA,NA,Nass
838,412,Pink (Even),1986,NA,NA,NA,Nass
839,415,Pink (Odd),1986,NA,NA,NA,Nass
840,420,Lake Sockeye,1986,NA,NA,NA,Nass
841,418,Lake Sockeye,1986,NA,NA,NA,Nass
842,421,Lake Sockeye,1986,10000,10000,41188,Nass
843,422,Lake Sockeye,1986,25000,25000,100282,Nass
844,423,Lake Sockeye,1986,NA,NA,NA,Nass
845,419,Lake Sockeye,1986,NA,NA,NA,Nass
846,424,Lake Sockeye,1986,115543,115543,349540,Nass
847,425,Lake Sockeye,1986,NA,NA,NA,Nass
848,416,Lake Sockeye,1986,5381,2000,6513,Nass
849,417,Lake Sockeye,1986,6000,3000,7263,Nass
850,426,River Sockeye,1986,2780,1020,4261,Nass
851,427,River Sockeye,1986,NA,NA,NA,Nass
852,401,Chinook,1987,1930,1970,2387,Nass
853,402,Chinook,1987,19540,6725,25062,Nass
854,405,Chum,1987,6775,1475,12191,Nass
855,406,Chum,1987,35574,22362,64012,Nass
856,404,Chum,1987,11553,7550,20789,Nass
857,408,Coho,1987,37757,14300,93215,Nass
858,410,Coho,1987,57067,11352,140888,Nass
859,409,Coho,1987,10199,6000,25181,Nass
860,414,Pink (Odd),1987,555485,361820,1245983,Nass
861,412,Pink (Even),1987,NA,NA,NA,Nass
862,415,Pink (Odd),1987,NA,NA,NA,Nass
863,420,Lake Sockeye,1987,NA,NA,NA,Nass
864,418,Lake Sockeye,1987,NA,NA,NA,Nass
865,421,Lake Sockeye,1987,2000,2000,7326,Nass
866,422,Lake Sockeye,1987,7500,7500,28015,Nass
867,423,Lake Sockeye,1987,NA,NA,NA,Nass
868,419,Lake Sockeye,1987,NA,NA,NA,Nass
869,424,Lake Sockeye,1987,143989,143989,393815,Nass
870,425,Lake Sockeye,1987,NA,NA,NA,Nass
871,416,Lake Sockeye,1987,6726,2500,7368,Nass
872,417,Lake Sockeye,1987,NA,NA,NA,Nass
873,426,River Sockeye,1987,2780,1080,4050,Nass
874,427,River Sockeye,1987,NA,NA,NA,Nass
875,401,Chinook,1988,1503,1250,1872,Nass
876,402,Chinook,1988,15345,6120,19818,Nass
877,405,Chum,1988,27100,1000,39104,Nass
878,406,Chum,1988,28564,18300,41217,Nass
879,404,Chum,1988,42233,27600,60941,Nass
880,408,Coho,1988,14087,4400,33998,Nass
881,410,Coho,1988,28533,4970,68864,Nass
882,409,Coho,1988,2485,1181,5998,Nass
883,414,Pink (Odd),1988,NA,NA,NA,Nass
884,412,Pink (Even),1988,NA,NA,NA,Nass
885,415,Pink (Odd),1988,NA,NA,NA,Nass
886,420,Lake Sockeye,1988,NA,NA,NA,Nass
887,418,Lake Sockeye,1988,NA,NA,NA,Nass
888,421,Lake Sockeye,1988,2000,2000,6641,Nass
889,422,Lake Sockeye,1988,2500,2500,8712,Nass
890,423,Lake Sockeye,1988,NA,NA,NA,Nass
891,419,Lake Sockeye,1988,NA,NA,NA,Nass
892,424,Lake Sockeye,1988,116984,116984,322200,Nass
893,425,Lake Sockeye,1988,NA,NA,NA,Nass
894,416,Lake Sockeye,1988,942,350,1361,Nass
895,417,Lake Sockeye,1988,8000,4000,11566,Nass
896,426,River Sockeye,1988,2780,1000,4747,Nass
897,427,River Sockeye,1988,NA,NA,NA,Nass
898,401,Chinook,1989,1068,875,1312,Nass
899,402,Chinook,1989,28133,11650,35841,Nass
900,405,Chum,1989,5420,530,11485,Nass
901,406,Chum,1989,40028,25025,84818,Nass
902,404,Chum,1989,12755,8200,27027,Nass
903,408,Coho,1989,32549,5153,75981,Nass
904,410,Coho,1989,52839,11337,123347,Nass
905,409,Coho,1989,10199,4200,23809,Nass
906,414,Pink (Odd),1989,1023199,633750,2448618,Nass
907,412,Pink (Even),1989,NA,NA,NA,Nass
908,415,Pink (Odd),1989,NA,NA,NA,Nass
909,420,Lake Sockeye,1989,NA,NA,NA,Nass
910,418,Lake Sockeye,1989,NA,NA,NA,Nass
911,421,Lake Sockeye,1989,5000,5000,30287,Nass
912,422,Lake Sockeye,1989,15000,15000,95354,Nass
913,423,Lake Sockeye,1989,NA,NA,NA,Nass
914,419,Lake Sockeye,1989,NA,NA,NA,Nass
915,424,Lake Sockeye,1989,50000,50000,201232,Nass
916,425,Lake Sockeye,1989,NA,NA,NA,Nass
917,416,Lake Sockeye,1989,5381,2000,6770,Nass
918,417,Lake Sockeye,1989,6000,3000,7549,Nass
919,426,River Sockeye,1989,3614,1502,7165,Nass
920,427,River Sockeye,1989,NA,75,NA,Nass
921,401,Chinook,1990,2460,1966,3028,Nass
922,402,Chinook,1990,24051,10137,30700,Nass
923,405,Chum,1990,5420,530,9847,Nass
924,406,Chum,1990,41016,26000,74519,Nass
925,404,Chum,1990,7108,4450,12915,Nass
926,408,Coho,1990,33851,7001,96249,Nass
927,410,Coho,1990,137383,25059,390624,Nass
928,409,Coho,1990,16999,6470,48334,Nass
929,414,Pink (Odd),1990,NA,NA,NA,Nass
930,412,Pink (Even),1990,NA,NA,NA,Nass
931,415,Pink (Odd),1990,NA,NA,NA,Nass
932,420,Lake Sockeye,1990,NA,NA,NA,Nass
933,418,Lake Sockeye,1990,NA,NA,NA,Nass
934,421,Lake Sockeye,1990,4000,4000,13712,Nass
935,422,Lake Sockeye,1990,14000,14000,49549,Nass
936,423,Lake Sockeye,1990,NA,NA,NA,Nass
937,419,Lake Sockeye,1990,NA,NA,NA,Nass
938,424,Lake Sockeye,1990,120954,120954,326431,Nass
939,425,Lake Sockeye,1990,NA,NA,NA,Nass
940,416,Lake Sockeye,1990,12000,6000,15855,Nass
941,417,Lake Sockeye,1990,6000,3000,7927,Nass
942,426,River Sockeye,1990,1474,555,2336,Nass
943,427,River Sockeye,1990,NA,275,NA,Nass
944,401,Chinook,1991,1019,775,1535,Nass
945,402,Chinook,1991,6907,3192,11236,Nass
946,405,Chum,1991,5420,80,12700,Nass
947,406,Chum,1991,26710,12000,62589,Nass
948,404,Chum,1991,19013,11705,44552,Nass
949,408,Coho,1991,24737,4095,72529,Nass
950,410,Coho,1991,79259,12250,232388,Nass
951,409,Coho,1991,449,432,1316,Nass
952,414,Pink (Odd),1991,637448,375200,3309418,Nass
953,412,Pink (Even),1991,NA,NA,NA,Nass
954,415,Pink (Odd),1991,NA,NA,NA,Nass
955,420,Lake Sockeye,1991,NA,NA,NA,Nass
956,418,Lake Sockeye,1991,NA,NA,NA,Nass
957,421,Lake Sockeye,1991,3000,3000,13117,Nass
958,422,Lake Sockeye,1991,2000,2000,8829,Nass
959,423,Lake Sockeye,1991,NA,NA,NA,Nass
960,419,Lake Sockeye,1991,NA,NA,NA,Nass
961,424,Lake Sockeye,1991,250000,250000,823045,Nass
962,425,Lake Sockeye,1991,NA,NA,NA,Nass
963,416,Lake Sockeye,1991,7000,3500,8847,Nass
964,417,Lake Sockeye,1991,3400,1700,4297,Nass
965,426,River Sockeye,1991,1474,632,2498,Nass
966,427,River Sockeye,1991,NA,200,NA,Nass
967,401,Chinook,1992,908,2002,1562,Nass
968,402,Chinook,1992,16808,14413,34248,Nass
969,405,Chum,1992,NA,50,NA,Nass
970,406,Chum,1992,28063,8713,63106,Nass
971,404,Chum,1992,11055,6806,24860,Nass
972,408,Coho,1992,57572,2211,160904,Nass
973,410,Coho,1992,68691,9400,191980,Nass
974,409,Coho,1992,13283,4507,37123,Nass
975,414,Pink (Odd),1992,NA,NA,NA,Nass
976,412,Pink (Even),1992,NA,NA,NA,Nass
977,415,Pink (Odd),1992,NA,NA,NA,Nass
978,420,Lake Sockeye,1992,NA,NA,NA,Nass
979,418,Lake Sockeye,1992,NA,NA,NA,Nass
980,421,Lake Sockeye,1992,4500,4500,17882,Nass
981,422,Lake Sockeye,1992,5000,5000,19189,Nass
982,423,Lake Sockeye,1992,NA,NA,NA,Nass
983,419,Lake Sockeye,1992,NA,NA,NA,Nass
984,424,Lake Sockeye,1992,592118,592118,1846470,Nass
985,425,Lake Sockeye,1992,NA,NA,NA,Nass
986,416,Lake Sockeye,1992,9000,4500,14214,Nass
987,417,Lake Sockeye,1992,4000,2000,6317,Nass
988,426,River Sockeye,1992,834,400,1428,Nass
989,427,River Sockeye,1992,NA,500,NA,Nass
990,401,Chinook,1993,1039,3390,1654,Nass
991,402,Chinook,1993,24814,20736,44262,Nass
992,405,Chum,1993,NA,NA,NA,Nass
993,406,Chum,1993,98281,63200,322911,Nass
994,404,Chum,1993,27208,16751,89393,Nass
995,408,Coho,1993,47861,1600,131423,Nass
996,410,Coho,1993,26420,4320,72547,Nass
997,409,Coho,1993,3706,1590,10176,Nass
998,414,Pink (Odd),1993,583393,310200,1885997,Nass
999,412,Pink (Even),1993,NA,NA,NA,Nass
1000,415,Pink (Odd),1993,NA,NA,NA,Nass
1001,420,Lake Sockeye,1993,NA,NA,NA,Nass
1002,418,Lake Sockeye,1993,NA,NA,NA,Nass
1003,421,Lake Sockeye,1993,6000,6000,33015,Nass
1004,422,Lake Sockeye,1993,16000,16000,95805,Nass
1005,423,Lake Sockeye,1993,NA,NA,NA,Nass
1006,419,Lake Sockeye,1993,NA,NA,NA,Nass
1007,424,Lake Sockeye,1993,4.00E+05,4.00E+05,1669272,Nass
1008,425,Lake Sockeye,1993,NA,NA,NA,Nass
1009,416,Lake Sockeye,1993,10750,2000,15835,Nass
1010,417,Lake Sockeye,1993,2000,1000,2946,Nass
1011,426,River Sockeye,1993,1112,400,2738,Nass
1012,427,River Sockeye,1993,NA,450,NA,Nass
1013,401,Chinook,1994,3703,2440,5753,Nass
1014,402,Chinook,1994,21169,NA,37007,Nass
1015,405,Chum,1994,NA,NA,NA,Nass
1016,406,Chum,1994,73816,22930,123937,Nass
1017,404,Chum,1994,16680,10269,28006,Nass
1018,408,Coho,1994,179820,2438,659436,Nass
1019,410,Coho,1994,68691,9317,251905,Nass
1020,409,Coho,1994,12151,3574,44560,Nass
1021,414,Pink (Odd),1994,NA,NA,NA,Nass
1022,412,Pink (Even),1994,NA,NA,NA,Nass
1023,415,Pink (Odd),1994,NA,NA,NA,Nass
1024,420,Lake Sockeye,1994,NA,NA,NA,Nass
1025,418,Lake Sockeye,1994,NA,NA,NA,Nass
1026,421,Lake Sockeye,1994,6000,6000,18815,Nass
1027,422,Lake Sockeye,1994,6000,6000,19211,Nass
1028,423,Lake Sockeye,1994,NA,NA,NA,Nass
1029,419,Lake Sockeye,1994,NA,NA,NA,Nass
1030,424,Lake Sockeye,1994,158010,158010,437773,Nass
1031,425,Lake Sockeye,1994,NA,NA,NA,Nass
1032,416,Lake Sockeye,1994,10750,2000,14051,Nass
1033,417,Lake Sockeye,1994,NA,NA,NA,Nass
1034,426,River Sockeye,1994,NA,NA,NA,Nass
1035,427,River Sockeye,1994,NA,NA,NA,Nass
1036,401,Chinook,1995,973,1031,1913,Nass
1037,402,Chinook,1995,7844,225,19936,Nass
1038,405,Chum,1995,NA,NA,NA,Nass
1039,406,Chum,1995,49051,31350,98234,Nass
1040,404,Chum,1995,13401,9100,26838,Nass
1041,408,Coho,1995,73757,1000,235707,Nass
1042,410,Coho,1995,63407,11175,202631,Nass
1043,409,Coho,1995,6092,1792,19470,Nass
1044,414,Pink (Odd),1995,639807,339350,1601791,Nass
1045,412,Pink (Even),1995,NA,NA,NA,Nass
1046,415,Pink (Odd),1995,NA,NA,NA,Nass
1047,420,Lake Sockeye,1995,NA,NA,NA,Nass
1048,418,Lake Sockeye,1995,NA,NA,NA,Nass
1049,421,Lake Sockeye,1995,1000,1000,6664,Nass
1050,422,Lake Sockeye,1995,1500,1500,11498,Nass
1051,423,Lake Sockeye,1995,NA,NA,NA,Nass
1052,419,Lake Sockeye,1995,NA,NA,NA,Nass
1053,424,Lake Sockeye,1995,205853,205853,912069,Nass
1054,425,Lake Sockeye,1995,NA,NA,NA,Nass
1055,416,Lake Sockeye,1995,5375,1000,7436,Nass
1056,417,Lake Sockeye,1995,2400,1200,3320,Nass
1057,426,River Sockeye,1995,5004,1800,12029,Nass
1058,427,River Sockeye,1995,NA,NA,NA,Nass
1059,401,Chinook,1996,1108,700,1849,Nass
1060,402,Chinook,1996,21842,1919,40212,Nass
1061,405,Chum,1996,NA,NA,NA,Nass
1062,406,Chum,1996,25500,16271,49019,Nass
1063,404,Chum,1996,9681,6469,18610,Nass
1064,408,Coho,1996,77445,1050,202512,Nass
1065,410,Coho,1996,70805,8606,185149,Nass
1066,409,Coho,1996,6653,1957,17398,Nass
1067,414,Pink (Odd),1996,NA,NA,NA,Nass
1068,412,Pink (Even),1996,NA,NA,NA,Nass
1069,415,Pink (Odd),1996,NA,NA,NA,Nass
1070,420,Lake Sockeye,1996,NA,NA,NA,Nass
1071,418,Lake Sockeye,1996,NA,NA,NA,Nass
1072,421,Lake Sockeye,1996,1000,1000,6464,Nass
1073,422,Lake Sockeye,1996,1000,1000,6201,Nass
1074,423,Lake Sockeye,1996,NA,NA,NA,Nass
1075,419,Lake Sockeye,1996,NA,NA,NA,Nass
1076,424,Lake Sockeye,1996,182082,182082,907303,Nass
1077,425,Lake Sockeye,1996,NA,NA,NA,Nass
1078,416,Lake Sockeye,1996,2150,400,3138,Nass
1079,417,Lake Sockeye,1996,1200,600,1751,Nass
1080,426,River Sockeye,1996,NA,NA,NA,Nass
1081,427,River Sockeye,1996,NA,NA,NA,Nass
1082,401,Chinook,1997,1635,470,2692,Nass
1083,402,Chinook,1997,18702,487,34002,Nass
1084,405,Chum,1997,NA,NA,NA,Nass
1085,406,Chum,1997,22454,12550,32347,Nass
1086,404,Chum,1997,12576,7752,18116,Nass
1087,408,Coho,1997,34666,470,76674,Nass
1088,410,Coho,1997,21136,2858,46748,Nass
1089,409,Coho,1997,2247,661,4971,Nass
1090,414,Pink (Odd),1997,409907,215787,708645,Nass
1091,412,Pink (Even),1997,NA,NA,NA,Nass
1092,415,Pink (Odd),1997,NA,NA,NA,Nass
1093,420,Lake Sockeye,1997,NA,NA,NA,Nass
1094,418,Lake Sockeye,1997,NA,NA,NA,Nass
1095,421,Lake Sockeye,1997,3000,3000,14330,Nass
1096,422,Lake Sockeye,1997,9000,9000,48711,Nass
1097,423,Lake Sockeye,1997,NA,NA,NA,Nass
1098,419,Lake Sockeye,1997,NA,NA,NA,Nass
1099,424,Lake Sockeye,1997,158687,158687,610616,Nass
1100,425,Lake Sockeye,1997,NA,NA,NA,Nass
1101,416,Lake Sockeye,1997,4778,1500,8427,Nass
1102,417,Lake Sockeye,1997,5000,2500,8818,Nass
1103,426,River Sockeye,1997,NA,NA,NA,Nass
1104,427,River Sockeye,1997,NA,NA,NA,Nass
1105,401,Chinook,1998,1462,770,2530,Nass
1106,402,Chinook,1998,23213,498,43644,Nass
1107,405,Chum,1998,NA,NA,NA,Nass
1108,406,Chum,1998,153858,99030,214020,Nass
1109,404,Chum,1998,63836,39460,88797,Nass
1110,408,Coho,1998,71323,967,136356,Nass
1111,410,Coho,1998,58123,6824,111120,Nass
1112,409,Coho,1998,6766,1990,12934,Nass
1113,414,Pink (Odd),1998,NA,NA,NA,Nass
1114,412,Pink (Even),1998,NA,NA,NA,Nass
1115,415,Pink (Odd),1998,NA,NA,NA,Nass
1116,420,Lake Sockeye,1998,NA,NA,NA,Nass
1117,418,Lake Sockeye,1998,NA,NA,NA,Nass
1118,421,Lake Sockeye,1998,5000,5000,14239,Nass
1119,422,Lake Sockeye,1998,3500,3500,8695,Nass
1120,423,Lake Sockeye,1998,NA,NA,NA,Nass
1121,419,Lake Sockeye,1998,NA,NA,NA,Nass
1122,424,Lake Sockeye,1998,163925,163925,470387,Nass
1123,425,Lake Sockeye,1998,NA,NA,NA,Nass
1124,416,Lake Sockeye,1998,5200,2600,6211,Nass
1125,417,Lake Sockeye,1998,1600,800,1911,Nass
1126,426,River Sockeye,1998,NA,NA,NA,Nass
1127,427,River Sockeye,1998,NA,NA,NA,Nass
1128,401,Chinook,1999,982,550,2021,Nass
1129,402,Chinook,1999,11544,174,27332,Nass
1130,405,Chum,1999,NA,NA,NA,Nass
1131,406,Chum,1999,35179,22300,75346,Nass
1132,404,Chum,1999,18074,11167,38710,Nass
1133,408,Coho,1999,102744,2893,206249,Nass
1134,410,Coho,1999,61294,7349,123042,Nass
1135,409,Coho,1999,10111,2974,20297,Nass
1136,414,Pink (Odd),1999,839345,459700,2195047,Nass
1137,412,Pink (Even),1999,NA,NA,NA,Nass
1138,415,Pink (Odd),1999,NA,NA,NA,Nass
1139,420,Lake Sockeye,1999,NA,NA,NA,Nass
1140,418,Lake Sockeye,1999,NA,NA,NA,Nass
1141,421,Lake Sockeye,1999,1200,1200,5408,Nass
1142,422,Lake Sockeye,1999,13000,13000,57392,Nass
1143,423,Lake Sockeye,1999,NA,NA,NA,Nass
1144,419,Lake Sockeye,1999,NA,NA,NA,Nass
1145,424,Lake Sockeye,1999,180350,180350,769472,Nass
1146,425,Lake Sockeye,1999,NA,NA,NA,Nass
1147,416,Lake Sockeye,1999,4000,2000,4834,Nass
1148,417,Lake Sockeye,1999,5000,2500,6042,Nass
1149,426,River Sockeye,1999,NA,NA,NA,Nass
1150,427,River Sockeye,1999,NA,NA,NA,Nass
1151,401,Chinook,2000,1302,695,1901,Nass
1152,402,Chinook,2000,18047,416,31221,Nass
1153,405,Chum,2000,NA,NA,NA,Nass
1154,406,Chum,2000,18461,11696,28406,Nass
1155,404,Chum,2000,16633,9022,25594,Nass
1156,408,Coho,2000,42397,2818,90257,Nass
1157,410,Coho,2000,58123,13087,123736,Nass
1158,409,Coho,2000,4684,1434,9971,Nass
1159,414,Pink (Odd),2000,NA,NA,NA,Nass
1160,412,Pink (Even),2000,NA,NA,NA,Nass
1161,415,Pink (Odd),2000,NA,NA,NA,Nass
1162,420,Lake Sockeye,2000,NA,NA,NA,Nass
1163,418,Lake Sockeye,2000,NA,NA,NA,Nass
1164,421,Lake Sockeye,2000,500,500,1819,Nass
1165,422,Lake Sockeye,2000,500,500,1878,Nass
1166,423,Lake Sockeye,2000,NA,NA,NA,Nass
1167,419,Lake Sockeye,2000,NA,NA,NA,Nass
1168,424,Lake Sockeye,2000,137042,137042,430207,Nass
1169,425,Lake Sockeye,2000,NA,NA,NA,Nass
1170,416,Lake Sockeye,2000,2200,1100,3033,Nass
1171,417,Lake Sockeye,2000,2400,1200,3309,Nass
1172,426,River Sockeye,2000,NA,NA,NA,Nass
1173,427,River Sockeye,2000,NA,NA,NA,Nass
1174,401,Chinook,2001,4011,2700,5044,Nass
1175,402,Chinook,2001,28329,613,42644,Nass
1176,405,Chum,2001,NA,NA,NA,Nass
1177,406,Chum,2001,30223,19259,40619,Nass
1178,404,Chum,2001,17916,11213,24078,Nass
1179,408,Coho,2001,115595,7320,248719,Nass
1180,410,Coho,2001,95111,13104,204645,Nass
1181,409,Coho,2001,19408,5942,41760,Nass
1182,414,Pink (Odd),2001,1471653,807380,2085783,Nass
1183,412,Pink (Even),2001,NA,NA,NA,Nass
1184,415,Pink (Odd),2001,NA,NA,NA,Nass
1185,420,Lake Sockeye,2001,NA,NA,NA,Nass
1186,418,Lake Sockeye,2001,NA,NA,NA,Nass
1187,421,Lake Sockeye,2001,NA,NA,NA,Nass
1188,422,Lake Sockeye,2001,NA,NA,NA,Nass
1189,423,Lake Sockeye,2001,NA,NA,NA,Nass
1190,419,Lake Sockeye,2001,NA,NA,NA,Nass
1191,424,Lake Sockeye,2001,116192,116192,429051,Nass
1192,425,Lake Sockeye,2001,NA,NA,NA,Nass
1193,416,Lake Sockeye,2001,1800,900,2045,Nass
1194,417,Lake Sockeye,2001,4000,2000,4544,Nass
1195,426,River Sockeye,2001,4170,1500,13525,Nass
1196,427,River Sockeye,2001,NA,NA,NA,Nass
1197,401,Chinook,2002,1452,2010,2407,Nass
1198,402,Chinook,2002,13352,2357,26202,Nass
1199,405,Chum,2002,NA,NA,NA,Nass
1200,406,Chum,2002,14674,8000,19853,Nass
1201,404,Chum,2002,15708,9787,21252,Nass
1202,408,Coho,2002,183014,10006,235837,Nass
1203,410,Coho,2002,105679,13854,136181,Nass
1204,409,Coho,2002,16599,6364,21390,Nass
1205,414,Pink (Odd),2002,NA,NA,NA,Nass
1206,412,Pink (Even),2002,NA,NA,NA,Nass
1207,415,Pink (Odd),2002,NA,NA,NA,Nass
1208,420,Lake Sockeye,2002,NA,NA,NA,Nass
1209,418,Lake Sockeye,2002,NA,NA,NA,Nass
1210,421,Lake Sockeye,2002,NA,NA,NA,Nass
1211,422,Lake Sockeye,2002,5887,5887,21762,Nass
1212,423,Lake Sockeye,2002,NA,NA,NA,Nass
1213,419,Lake Sockeye,2002,NA,NA,NA,Nass
1214,424,Lake Sockeye,2002,332442,332442,1128332,Nass
1215,425,Lake Sockeye,2002,NA,NA,NA,Nass
1216,416,Lake Sockeye,2002,4800,2400,6205,Nass
1217,417,Lake Sockeye,2002,4400,2200,5688,Nass
1218,426,River Sockeye,2002,1529,550,4648,Nass
1219,427,River Sockeye,2002,NA,NA,NA,Nass
1220,401,Chinook,2003,2425,1050,3369,Nass
1221,402,Chinook,2003,25848,4336,40497,Nass
1222,405,Chum,2003,NA,NA,NA,Nass
1223,406,Chum,2003,64199,35000,86800,Nass
1224,404,Chum,2003,8038,5010,10867,Nass
1225,408,Coho,2003,134105,8832,247918,Nass
1226,410,Coho,2003,43328,5515,80101,Nass
1227,409,Coho,2003,12761,3907,23592,Nass
1228,414,Pink (Odd),2003,1565131,806352,2181863,Nass
1229,412,Pink (Even),2003,NA,NA,NA,Nass
1230,415,Pink (Odd),2003,NA,NA,NA,Nass
1231,420,Lake Sockeye,2003,NA,NA,NA,Nass
1232,418,Lake Sockeye,2003,NA,NA,NA,Nass
1233,421,Lake Sockeye,2003,NA,NA,NA,Nass
1234,422,Lake Sockeye,2003,NA,NA,NA,Nass
1235,423,Lake Sockeye,2003,NA,NA,NA,Nass
1236,419,Lake Sockeye,2003,NA,NA,NA,Nass
1237,424,Lake Sockeye,2003,196852,196852,821582,Nass
1238,425,Lake Sockeye,2003,NA,NA,NA,Nass
1239,416,Lake Sockeye,2003,15000,7500,17272,Nass
1240,417,Lake Sockeye,2003,10000,5000,11515,Nass
1241,426,River Sockeye,2003,7245,2607,42321,Nass
1242,427,River Sockeye,2003,NA,NA,NA,Nass
1243,401,Chinook,2004,1691,400,2776,Nass
1244,402,Chinook,2004,15185,3993,30950,Nass
1245,405,Chum,2004,NA,NA,NA,Nass
1246,406,Chum,2004,49012,28900,64222,Nass
1247,404,Chum,2004,38560,25119,50526,Nass
1248,408,Coho,2004,53518,2926,119963,Nass
1249,410,Coho,2004,79259,7964,177664,Nass
1250,409,Coho,2004,13627,4172,30546,Nass
1251,414,Pink (Odd),2004,NA,NA,NA,Nass
1252,412,Pink (Even),2004,NA,NA,NA,Nass
1253,415,Pink (Odd),2004,NA,NA,NA,Nass
1254,420,Lake Sockeye,2004,NA,NA,NA,Nass
1255,418,Lake Sockeye,2004,NA,NA,NA,Nass
1256,421,Lake Sockeye,2004,NA,NA,NA,Nass
1257,422,Lake Sockeye,2004,NA,NA,NA,Nass
1258,423,Lake Sockeye,2004,NA,NA,NA,Nass
1259,419,Lake Sockeye,2004,NA,NA,NA,Nass
1260,424,Lake Sockeye,2004,140923,140923,659321,Nass
1261,425,Lake Sockeye,2004,NA,NA,NA,Nass
1262,416,Lake Sockeye,2004,5800,2900,6693,Nass
1263,417,Lake Sockeye,2004,9000,4500,10386,Nass
1264,426,River Sockeye,2004,2752,990,13319,Nass
1265,427,River Sockeye,2004,NA,NA,NA,Nass
1266,401,Chinook,2005,1865,1702,2773,Nass
1267,402,Chinook,2005,13706,639,25114,Nass
1268,405,Chum,2005,18970,70,23854,Nass
1269,406,Chum,2005,29866,17686,37556,Nass
1270,404,Chum,2005,20263,13069,25480,Nass
1271,408,Coho,2005,95659,5230,223887,Nass
1272,410,Coho,2005,68691,6870,160770,Nass
1273,409,Coho,2005,23582,7318,55192,Nass
1274,414,Pink (Odd),2005,1782531,922915,2562613,Nass
1275,412,Pink (Even),2005,NA,NA,NA,Nass
1276,415,Pink (Odd),2005,NA,NA,NA,Nass
1277,420,Lake Sockeye,2005,NA,NA,NA,Nass
1278,418,Lake Sockeye,2005,NA,NA,NA,Nass
1279,421,Lake Sockeye,2005,505,505,1365,Nass
1280,422,Lake Sockeye,2005,NA,NA,NA,Nass
1281,423,Lake Sockeye,2005,NA,NA,NA,Nass
1282,419,Lake Sockeye,2005,NA,NA,NA,Nass
1283,424,Lake Sockeye,2005,142858,142858,403973,Nass
1284,425,Lake Sockeye,2005,NA,NA,NA,Nass
1285,416,Lake Sockeye,2005,7000,3500,7856,Nass
1286,417,Lake Sockeye,2005,10000,5000,11223,Nass
1287,426,River Sockeye,2005,7701,2770,26966,Nass
1288,427,River Sockeye,2005,680,680,1757,Nass
1289,401,Chinook,2006,4467,1842,6021,Nass
1290,402,Chinook,2006,23594,5670,38106,Nass
1291,405,Chum,2006,NA,NA,NA,Nass
1292,406,Chum,2006,51107,29970,62326,Nass
1293,404,Chum,2006,22443,13935,27370,Nass
1294,408,Coho,2006,37111,2029,70727,Nass
1295,410,Coho,2006,68691,6500,130913,Nass
1296,409,Coho,2006,17791,7115,33906,Nass
1297,414,Pink (Odd),2006,NA,NA,NA,Nass
1298,412,Pink (Even),2006,NA,NA,NA,Nass
1299,415,Pink (Odd),2006,NA,NA,NA,Nass
1300,420,Lake Sockeye,2006,NA,NA,NA,Nass
1301,418,Lake Sockeye,2006,NA,NA,NA,Nass
1302,421,Lake Sockeye,2006,1701,1701,4724,Nass
1303,422,Lake Sockeye,2006,NA,NA,NA,Nass
1304,423,Lake Sockeye,2006,NA,NA,NA,Nass
1305,419,Lake Sockeye,2006,NA,NA,NA,Nass
1306,424,Lake Sockeye,2006,146954,146954,424523,Nass
1307,425,Lake Sockeye,2006,NA,NA,NA,Nass
1308,416,Lake Sockeye,2006,4400,2200,5376,Nass
1309,417,Lake Sockeye,2006,4600,2300,5620,Nass
1310,426,River Sockeye,2006,2252,810,8100,Nass
1311,427,River Sockeye,2006,133,133,350,Nass
1312,401,Chinook,2007,2828,2824,3684,Nass
1313,402,Chinook,2007,22136,760,35661,Nass
1314,405,Chum,2007,NA,NA,NA,Nass
1315,406,Chum,2007,10946,5995,13780,Nass
1316,404,Chum,2007,17976,11230,22631,Nass
1317,408,Coho,2007,103706,5670,205833,Nass
1318,410,Coho,2007,NA,992,NA,Nass
1319,409,Coho,2007,8117,2519,16111,Nass
1320,414,Pink (Odd),2007,1111938,565359,1787897,Nass
1321,412,Pink (Even),2007,NA,NA,NA,Nass
1322,415,Pink (Odd),2007,NA,NA,NA,Nass
1323,420,Lake Sockeye,2007,NA,NA,NA,Nass
1324,418,Lake Sockeye,2007,NA,NA,NA,Nass
1325,421,Lake Sockeye,2007,2067,2067,8827,Nass
1326,422,Lake Sockeye,2007,NA,NA,NA,Nass
1327,423,Lake Sockeye,2007,NA,NA,NA,Nass
1328,419,Lake Sockeye,2007,NA,NA,NA,Nass
1329,424,Lake Sockeye,2007,104308,104308,410768,Nass
1330,425,Lake Sockeye,2007,NA,NA,NA,Nass
1331,416,Lake Sockeye,2007,860,150,950,Nass
1332,417,Lake Sockeye,2007,5000,2500,5523,Nass
1333,426,River Sockeye,2007,19739,7100,54911,Nass
1334,427,River Sockeye,2007,162,162,1124,Nass
1335,401,Chinook,2008,2508,1170,3135,Nass
1336,402,Chinook,2008,19630,6462,26949,Nass
1337,405,Chum,2008,NA,NA,NA,Nass
1338,406,Chum,2008,3038,1664,3596,Nass
1339,404,Chum,2008,20751,12929,24559,Nass
1340,408,Coho,2008,45815,3090,76814,Nass
1341,410,Coho,2008,52839,5392,88592,Nass
1342,409,Coho,2008,12571,3901,21076,Nass
1343,414,Pink (Odd),2008,NA,NA,NA,Nass
1344,412,Pink (Even),2008,NA,NA,NA,Nass
1345,415,Pink (Odd),2008,NA,NA,NA,Nass
1346,420,Lake Sockeye,2008,NA,NA,NA,Nass
1347,418,Lake Sockeye,2008,NA,NA,NA,Nass
1348,421,Lake Sockeye,2008,2000,2000,3809,Nass
1349,422,Lake Sockeye,2008,NA,NA,NA,Nass
1350,423,Lake Sockeye,2008,NA,NA,NA,Nass
1351,419,Lake Sockeye,2008,NA,NA,NA,Nass
1352,424,Lake Sockeye,2008,150383,150383,272925,Nass
1353,425,Lake Sockeye,2008,NA,NA,NA,Nass
1354,416,Lake Sockeye,2008,1262,220,1352,Nass
1355,417,Lake Sockeye,2008,NA,NA,NA,Nass
1356,426,River Sockeye,2008,9425,3402,14535,Nass
1357,427,River Sockeye,2008,75,75,153,Nass
1358,401,Chinook,2009,3350,888,3980,Nass
1359,402,Chinook,2009,26226,2720,35818,Nass
1360,405,Chum,2009,13821,51,17070,Nass
1361,406,Chum,2009,20071,11835,24790,Nass
1362,404,Chum,2009,13983,8754,17270,Nass
1363,408,Coho,2009,215095,11760,330197,Nass
1364,410,Coho,2009,NA,NA,NA,Nass
1365,409,Coho,2009,17736,5502,27227,Nass
1366,414,Pink (Odd),2009,1175949,618205,1498016,Nass
1367,412,Pink (Even),2009,NA,NA,NA,Nass
1368,415,Pink (Odd),2009,NA,NA,NA,Nass
1369,420,Lake Sockeye,2009,NA,NA,NA,Nass
1370,418,Lake Sockeye,2009,NA,NA,NA,Nass
1371,421,Lake Sockeye,2009,1716,1716,4145,Nass
1372,422,Lake Sockeye,2009,107,107,244,Nass
1373,423,Lake Sockeye,2009,NA,NA,NA,Nass
1374,419,Lake Sockeye,2009,NA,NA,NA,Nass
1375,424,Lake Sockeye,2009,168404,168404,405036,Nass
1376,425,Lake Sockeye,2009,NA,NA,NA,Nass
1377,416,Lake Sockeye,2009,6000,3000,6464,Nass
1378,417,Lake Sockeye,2009,2000,1000,2155,Nass
1379,426,River Sockeye,2009,25895,9314,57478,Nass
1380,427,River Sockeye,2009,111,111,291,Nass
1381,401,Chinook,2010,2348,440,2832,Nass
1382,402,Chinook,2010,18381,1770,24955,Nass
1383,405,Chum,2010,18428,134,21847,Nass
1384,406,Chum,2010,8383,4870,9938,Nass
1385,404,Chum,2010,8290,5860,9829,Nass
1386,408,Coho,2010,73674,5329,137183,Nass
1387,410,Coho,2010,56010,5300,104293,Nass
1388,409,Coho,2010,13463,4329,25069,Nass
1389,414,Pink (Odd),2010,NA,NA,NA,Nass
1390,412,Pink (Even),2010,NA,NA,NA,Nass
1391,415,Pink (Odd),2010,NA,NA,NA,Nass
1392,420,Lake Sockeye,2010,NA,NA,NA,Nass
1393,418,Lake Sockeye,2010,NA,NA,NA,Nass
1394,421,Lake Sockeye,2010,1970,1970,3416,Nass
1395,422,Lake Sockeye,2010,48,48,80,Nass
1396,423,Lake Sockeye,2010,NA,NA,NA,Nass
1397,419,Lake Sockeye,2010,NA,NA,NA,Nass
1398,424,Lake Sockeye,2010,159120,159120,291987,Nass
1399,425,Lake Sockeye,2010,NA,NA,NA,Nass
1400,416,Lake Sockeye,2010,5800,2900,6348,Nass
1401,417,Lake Sockeye,2010,NA,NA,NA,Nass
1402,426,River Sockeye,2010,5763,2099,12627,Nass
1403,427,River Sockeye,2010,80,80,141,Nass
1404,401,Chinook,2011,1226,135,1787,Nass
1405,402,Chinook,2011,9600,2791,16860,Nass
1406,405,Chum,2011,21680,284,25335,Nass
1407,406,Chum,2011,6181,3370,7224,Nass
1408,404,Chum,2011,9801,6325,11454,Nass
1409,408,Coho,2011,12232,656,25038,Nass
1410,410,Coho,2011,NA,NA,NA,Nass
1411,409,Coho,2011,7653,2601,15665,Nass
1412,414,Pink (Odd),2011,203585,58743,240409,Nass
1413,412,Pink (Even),2011,NA,NA,NA,Nass
1414,415,Pink (Odd),2011,NA,NA,NA,Nass
1415,420,Lake Sockeye,2011,NA,NA,NA,Nass
1416,418,Lake Sockeye,2011,NA,NA,NA,Nass
1417,421,Lake Sockeye,2011,2996,2996,6020,Nass
1418,422,Lake Sockeye,2011,10273,10273,22073,Nass
1419,423,Lake Sockeye,2011,NA,NA,NA,Nass
1420,419,Lake Sockeye,2011,NA,NA,NA,Nass
1421,424,Lake Sockeye,2011,167524,167524,326578,Nass
1422,425,Lake Sockeye,2011,NA,NA,NA,Nass
1423,416,Lake Sockeye,2011,4900,2450,5382,Nass
1424,417,Lake Sockeye,2011,NA,NA,NA,Nass
1425,426,River Sockeye,2011,32781,11791,70043,Nass
1426,427,River Sockeye,2011,NA,NA,NA,Nass
1427,401,Chinook,2012,1110,584,1448,Nass
1428,402,Chinook,2012,8688,1821,14440,Nass
1429,405,Chum,2012,8672,178,10366,Nass
1430,406,Chum,2012,15592,9194,18638,Nass
1431,404,Chum,2012,14081,9126,16832,Nass
1432,408,Coho,2012,61647,3306,138071,Nass
1433,410,Coho,2012,48785,2600,109264,Nass
1434,409,Coho,2012,16203,5135,36290,Nass
1435,414,Pink (Odd),2012,NA,NA,NA,Nass
1436,412,Pink (Even),2012,NA,NA,NA,Nass
1437,415,Pink (Odd),2012,NA,NA,NA,Nass
1438,420,Lake Sockeye,2012,NA,NA,NA,Nass
1439,418,Lake Sockeye,2012,NA,NA,NA,Nass
1440,421,Lake Sockeye,2012,2902,2902,6219,Nass
1441,422,Lake Sockeye,2012,3688,3688,7572,Nass
1442,423,Lake Sockeye,2012,NA,NA,NA,Nass
1443,419,Lake Sockeye,2012,NA,NA,NA,Nass
1444,424,Lake Sockeye,2012,144923,144923,321843,Nass
1445,425,Lake Sockeye,2012,NA,NA,NA,Nass
1446,416,Lake Sockeye,2012,1833,500,2011,Nass
1447,417,Lake Sockeye,2012,NA,NA,NA,Nass
1448,426,River Sockeye,2012,20551,7486,52969,Nass
1449,427,River Sockeye,2012,6,6,13,Nass
1450,401,Chinook,2013,1023,157,1412,Nass
1451,402,Chinook,2013,8011,939,15065,Nass
1452,405,Chum,2013,5420,137,6593,Nass
1453,406,Chum,2013,14364,13100,17471,Nass
1454,404,Chum,2013,10652,5998,12957,Nass
1455,408,Coho,2013,319446,15670,932752,Nass
1456,410,Coho,2013,9382,500,27394,Nass
1457,409,Coho,2013,19307,5934,56374,Nass
1458,414,Pink (Odd),2013,1417685,450500,1784313,Nass
1459,412,Pink (Even),2013,NA,NA,NA,Nass
1460,415,Pink (Odd),2013,NA,NA,NA,Nass
1461,420,Lake Sockeye,2013,NA,NA,NA,Nass
1462,418,Lake Sockeye,2013,NA,NA,NA,Nass
1463,421,Lake Sockeye,2013,2300,2300,5360,Nass
1464,422,Lake Sockeye,2013,398,398,892,Nass
1465,423,Lake Sockeye,2013,NA,NA,NA,Nass
1466,419,Lake Sockeye,2013,NA,NA,NA,Nass
1467,424,Lake Sockeye,2013,170376,170376,401622,Nass
1468,425,Lake Sockeye,2013,NA,NA,NA,Nass
1469,416,Lake Sockeye,2013,1810,905,1871,Nass
1470,417,Lake Sockeye,2013,1020,510,1055,Nass
1471,426,River Sockeye,2013,27899,10127,67609,Nass
1472,427,River Sockeye,2013,NA,NA,NA,Nass
1473,401,Chinook,2014,1470,835,2114,Nass
1474,402,Chinook,2014,11509,2127,20210,Nass
1475,405,Chum,2014,6775,97,8179,Nass
1476,406,Chum,2014,20326,8682,24540,Nass
1477,404,Chum,2014,13403,5304,16181,Nass
1478,408,Coho,2014,199542,10701,345998,Nass
1479,410,Coho,2014,54953,5200,95287,Nass
1480,409,Coho,2014,23917,8651,41471,Nass
1481,414,Pink (Odd),2014,NA,NA,NA,Nass
1482,412,Pink (Even),2014,NA,NA,NA,Nass
1483,415,Pink (Odd),2014,NA,NA,NA,Nass
1484,420,Lake Sockeye,2014,NA,NA,NA,Nass
1485,418,Lake Sockeye,2014,NA,NA,NA,Nass
1486,421,Lake Sockeye,2014,5557,5557,10464,Nass
1487,422,Lake Sockeye,2014,438,438,805,Nass
1488,423,Lake Sockeye,2014,NA,NA,NA,Nass
1489,419,Lake Sockeye,2014,NA,NA,NA,Nass
1490,424,Lake Sockeye,2014,144920,144920,290670,Nass
1491,425,Lake Sockeye,2014,NA,NA,NA,Nass
1492,416,Lake Sockeye,2014,4033,1100,4375,Nass
1493,417,Lake Sockeye,2014,NA,NA,NA,Nass
1494,426,River Sockeye,2014,20832,7654,53944,Nass
1495,427,River Sockeye,2014,209,209,391,Nass
1496,401,Chinook,2015,2333,696,3132,Nass
1497,402,Chinook,2015,18262,3918,29279,Nass
1498,405,Chum,2015,24661,397,31386,Nass
1499,406,Chum,2015,39939,25374,50830,Nass
1500,404,Chum,2015,80048,31014,101878,Nass
1501,408,Coho,2015,17416,934,41572,Nass
1502,410,Coho,2015,NA,348,NA,Nass
1503,409,Coho,2015,8827,3011,21070,Nass
1504,414,Pink (Odd),2015,756813,190156,984862,Nass
1505,412,Pink (Even),2015,NA,NA,NA,Nass
1506,415,Pink (Odd),2015,NA,NA,NA,Nass
1507,420,Lake Sockeye,2015,NA,NA,NA,Nass
1508,418,Lake Sockeye,2015,NA,NA,NA,Nass
1509,421,Lake Sockeye,2015,2330,2330,5746,Nass
1510,422,Lake Sockeye,2015,6888,6888,17423,Nass
1511,423,Lake Sockeye,2015,NA,NA,NA,Nass
1512,419,Lake Sockeye,2015,NA,NA,NA,Nass
1513,424,Lake Sockeye,2015,185917,185917,424426,Nass
1514,425,Lake Sockeye,2015,NA,NA,NA,Nass
1515,416,Lake Sockeye,2015,3620,1810,3820,Nass
1516,417,Lake Sockeye,2015,3400,1700,3588,Nass
1517,426,River Sockeye,2015,55448,21794,113478,Nass
1518,427,River Sockeye,2015,550,550,1292,Nass
1519,401,Chinook,2016,1154,NA,1709,Nass
1520,402,Chinook,2016,9037,1600,15967,Nass
1521,405,Chum,2016,21951,201,25597,Nass
1522,406,Chum,2016,17432,10390,20328,Nass
1523,404,Chum,2016,4720,86,5504,Nass
1524,408,Coho,2016,79623,4270,266399,Nass
1525,410,Coho,2016,NA,770,NA,Nass
1526,409,Coho,2016,16434,7684,54984,Nass
1527,414,Pink (Odd),2016,NA,NA,NA,Nass
1528,412,Pink (Even),2016,NA,NA,NA,Nass
1529,415,Pink (Odd),2016,NA,NA,NA,Nass
1530,420,Lake Sockeye,2016,NA,NA,NA,Nass
1531,418,Lake Sockeye,2016,NA,NA,NA,Nass
1532,421,Lake Sockeye,2016,4167,4167,6909,Nass
1533,422,Lake Sockeye,2016,19797,19797,33806,Nass
1534,423,Lake Sockeye,2016,NA,NA,NA,Nass
1535,419,Lake Sockeye,2016,NA,NA,NA,Nass
1536,424,Lake Sockeye,2016,109868,109868,176769,Nass
1537,425,Lake Sockeye,2016,NA,NA,NA,Nass
1538,416,Lake Sockeye,2016,378,103,416,Nass
1539,417,Lake Sockeye,2016,NA,NA,NA,Nass
1540,426,River Sockeye,2016,22937,8529,35277,Nass
1541,427,River Sockeye,2016,2130,2130,3437,Nass
1542,401,Chinook,2017,565,NA,995,Nass
1543,402,Chinook,2017,4419,2278,9750,Nass
1544,405,Chum,2017,NA,1,NA,Nass
1545,406,Chum,2017,22780,14452,24560,Nass
1546,404,Chum,2017,NA,NA,NA,Nass
1547,408,Coho,2017,150052,8047,355047,Nass
1548,410,Coho,2017,NA,451,NA,Nass
1549,409,Coho,2017,25022,10415,59206,Nass
1550,414,Pink (Odd),2017,1471216,59605,1713019,Nass
1551,412,Pink (Even),2017,NA,NA,NA,Nass
1552,415,Pink (Odd),2017,NA,NA,NA,Nass
1553,420,Lake Sockeye,2017,NA,NA,NA,Nass
1554,418,Lake Sockeye,2017,NA,NA,NA,Nass
1555,421,Lake Sockeye,2017,NA,NA,NA,Nass
1556,422,Lake Sockeye,2017,7240,7240,10556,Nass
1557,423,Lake Sockeye,2017,NA,NA,NA,Nass
1558,419,Lake Sockeye,2017,NA,NA,NA,Nass
1559,424,Lake Sockeye,2017,119088,119088,186321,Nass
1560,425,Lake Sockeye,2017,NA,NA,NA,Nass
1561,416,Lake Sockeye,2017,NA,NA,NA,Nass
1562,417,Lake Sockeye,2017,NA,NA,NA,Nass
1563,426,River Sockeye,2017,14563,5247,23520,Nass
1564,427,River Sockeye,2017,237,237,350,Nass
1565,401,Chinook,2018,NA,212,NA,Nass
1566,402,Chinook,2018,NA,1879,NA,Nass
1567,405,Chum,2018,NA,50,NA,Nass
1568,406,Chum,2018,NA,30155,NA,Nass
1569,404,Chum,2018,NA,11316,NA,Nass
1570,408,Coho,2018,NA,440,NA,Nass
1571,410,Coho,2018,NA,1520,NA,Nass
1572,409,Coho,2018,NA,2509,NA,Nass
1573,414,Pink (Odd),2018,NA,NA,NA,Nass
1574,412,Pink (Even),2018,NA,NA,NA,Nass
1575,415,Pink (Odd),2018,NA,NA,NA,Nass
1576,420,Lake Sockeye,2018,NA,NA,NA,Nass
1577,418,Lake Sockeye,2018,NA,NA,NA,Nass
1578,421,Lake Sockeye,2018,NA,NA,NA,Nass
1579,422,Lake Sockeye,2018,NA,290,NA,Nass
1580,423,Lake Sockeye,2018,NA,NA,NA,Nass
1581,419,Lake Sockeye,2018,NA,NA,NA,Nass
1582,424,Lake Sockeye,2018,NA,96827,NA,Nass
1583,425,Lake Sockeye,2018,NA,NA,NA,Nass
1584,416,Lake Sockeye,2018,NA,84,NA,Nass
1585,417,Lake Sockeye,2018,NA,NA,NA,Nass
1586,426,River Sockeye,2018,NA,14832,NA,Nass
1587,427,River Sockeye,2018,NA,3,NA,Nass
1588,401,Chinook,2019,NA,1046,NA,Nass
1589,402,Chinook,2019,NA,NA,NA,Nass
1590,405,Chum,2019,NA,NA,NA,Nass
1591,406,Chum,2019,NA,NA,NA,Nass
1592,404,Chum,2019,NA,37186,NA,Nass
1593,408,Coho,2019,NA,NA,NA,Nass
1594,410,Coho,2019,NA,NA,NA,Nass
1595,409,Coho,2019,NA,NA,NA,Nass
1596,414,Pink (Odd),2019,NA,92429,NA,Nass
1597,412,Pink (Even),2019,NA,NA,NA,Nass
1598,415,Pink (Odd),2019,NA,NA,NA,Nass
1599,420,Lake Sockeye,2019,NA,NA,NA,Nass
1600,418,Lake Sockeye,2019,NA,NA,NA,Nass
1601,421,Lake Sockeye,2019,NA,NA,NA,Nass
1602,422,Lake Sockeye,2019,NA,NA,NA,Nass
1603,423,Lake Sockeye,2019,NA,NA,NA,Nass
1604,419,Lake Sockeye,2019,NA,NA,NA,Nass
1605,424,Lake Sockeye,2019,NA,NA,NA,Nass
1606,425,Lake Sockeye,2019,NA,NA,NA,Nass
1607,416,Lake Sockeye,2019,NA,NA,NA,Nass
1608,417,Lake Sockeye,2019,NA,NA,NA,Nass
1609,426,River Sockeye,2019,NA,NA,NA,Nass
1610,427,River Sockeye,2019,NA,NA,NA,Nass