,CUID,Species,Year,LGL counts,NuSEDS counts by CU,Total run,Region
1,800,Chum,1950,NA,NA,NA,HG
2,801,Chum,1950,NA,330400,NA,HG
3,802,Chum,1950,NA,11000,NA,HG
4,803,Chum,1950,NA,331272,NA,HG
5,804,Chum,1950,NA,82300,NA,HG
6,805,Chinook,1950,NA,NA,NA,HG
7,806,Chinook,1950,NA,NA,NA,HG
8,807,Coho,1950,NA,33269,NA,HG
9,808,Coho,1950,NA,3645,NA,HG
10,809,Coho,1950,NA,24050,NA,HG
11,810,Pink (Even),1950,NA,NA,NA,HG
12,811,Pink (Even),1950,NA,357250,NA,HG
13,812,Pink (Even),1950,NA,2.00E+05,NA,HG
14,813,Pink (Odd),1950,NA,NA,NA,HG
15,814,Pink (Odd),1950,NA,NA,NA,HG
16,815,Pink (Odd),1950,NA,NA,NA,HG
17,816,River Sockeye,1950,NA,25,NA,HG
18,817,River Sockeye,1950,NA,NA,NA,HG
19,818,River Sockeye,1950,NA,NA,NA,HG
20,819,Lake Sockeye,1950,NA,NA,NA,HG
21,820,Lake Sockeye,1950,NA,NA,NA,HG
22,821,Lake Sockeye,1950,NA,NA,NA,HG
23,822,Lake Sockeye,1950,NA,NA,NA,HG
24,823,Lake Sockeye,1950,NA,NA,NA,HG
25,824,Lake Sockeye,1950,NA,200,NA,HG
26,825,Lake Sockeye,1950,NA,5000,NA,HG
27,826,Lake Sockeye,1950,NA,6000,NA,HG
28,827,Lake Sockeye,1950,NA,NA,NA,HG
29,800,Chum,1951,NA,200,NA,HG
30,801,Chum,1951,NA,363900,NA,HG
31,802,Chum,1951,NA,119000,NA,HG
32,803,Chum,1951,NA,349600,NA,HG
33,804,Chum,1951,NA,108100,NA,HG
34,805,Chinook,1951,NA,NA,NA,HG
35,806,Chinook,1951,NA,NA,NA,HG
36,807,Coho,1951,NA,34043,NA,HG
37,808,Coho,1951,NA,18550,NA,HG
38,809,Coho,1951,NA,120300,NA,HG
39,810,Pink (Even),1951,NA,NA,NA,HG
40,811,Pink (Even),1951,NA,NA,NA,HG
41,812,Pink (Even),1951,NA,NA,NA,HG
42,813,Pink (Odd),1951,NA,29775,NA,HG
43,814,Pink (Odd),1951,NA,3500,NA,HG
44,815,Pink (Odd),1951,NA,8550,NA,HG
45,816,River Sockeye,1951,NA,NA,NA,HG
46,817,River Sockeye,1951,NA,400,NA,HG
47,818,River Sockeye,1951,NA,NA,NA,HG
48,819,Lake Sockeye,1951,NA,3500,NA,HG
49,820,Lake Sockeye,1951,NA,NA,NA,HG
50,821,Lake Sockeye,1951,NA,NA,NA,HG
51,822,Lake Sockeye,1951,NA,3500,NA,HG
52,823,Lake Sockeye,1951,NA,7500,NA,HG
53,824,Lake Sockeye,1951,NA,300,NA,HG
54,825,Lake Sockeye,1951,NA,3500,NA,HG
55,826,Lake Sockeye,1951,NA,15000,NA,HG
56,827,Lake Sockeye,1951,NA,7500,NA,HG
57,800,Chum,1952,NA,200,NA,HG
58,801,Chum,1952,NA,470250,NA,HG
59,802,Chum,1952,NA,50600,NA,HG
60,803,Chum,1952,NA,496075,NA,HG
61,804,Chum,1952,NA,253500,NA,HG
62,805,Chinook,1952,NA,1500,NA,HG
63,806,Chinook,1952,NA,NA,NA,HG
64,807,Coho,1952,NA,66600,NA,HG
65,808,Coho,1952,NA,5980,NA,HG
66,809,Coho,1952,NA,23950,NA,HG
67,810,Pink (Even),1952,NA,NA,NA,HG
68,811,Pink (Even),1952,NA,715050,NA,HG
69,812,Pink (Even),1952,NA,630750,NA,HG
70,813,Pink (Odd),1952,NA,NA,NA,HG
71,814,Pink (Odd),1952,NA,NA,NA,HG
72,815,Pink (Odd),1952,NA,NA,NA,HG
73,816,River Sockeye,1952,NA,NA,NA,HG
74,817,River Sockeye,1952,NA,NA,NA,HG
75,818,River Sockeye,1952,NA,NA,NA,HG
76,819,Lake Sockeye,1952,NA,NA,NA,HG
77,820,Lake Sockeye,1952,NA,400,NA,HG
78,821,Lake Sockeye,1952,NA,NA,NA,HG
79,822,Lake Sockeye,1952,NA,NA,NA,HG
80,823,Lake Sockeye,1952,NA,3500,NA,HG
81,824,Lake Sockeye,1952,NA,NA,NA,HG
82,825,Lake Sockeye,1952,NA,3500,NA,HG
83,826,Lake Sockeye,1952,NA,3500,NA,HG
84,827,Lake Sockeye,1952,NA,3500,NA,HG
85,800,Chum,1953,NA,400,NA,HG
86,801,Chum,1953,NA,83700,NA,HG
87,802,Chum,1953,NA,121075,NA,HG
88,803,Chum,1953,NA,53400,NA,HG
89,804,Chum,1953,NA,55925,NA,HG
90,805,Chinook,1953,NA,NA,NA,HG
91,806,Chinook,1953,NA,NA,NA,HG
92,807,Coho,1953,NA,20575,NA,HG
93,808,Coho,1953,NA,1479,NA,HG
94,809,Coho,1953,NA,2350,NA,HG
95,810,Pink (Even),1953,NA,NA,NA,HG
96,811,Pink (Even),1953,NA,NA,NA,HG
97,812,Pink (Even),1953,NA,NA,NA,HG
98,813,Pink (Odd),1953,NA,25775,NA,HG
99,814,Pink (Odd),1953,NA,3500,NA,HG
100,815,Pink (Odd),1953,NA,1600,NA,HG
101,816,River Sockeye,1953,NA,25,NA,HG
102,817,River Sockeye,1953,NA,NA,NA,HG
103,818,River Sockeye,1953,NA,NA,NA,HG
104,819,Lake Sockeye,1953,NA,NA,NA,HG
105,820,Lake Sockeye,1953,NA,750,NA,HG
106,821,Lake Sockeye,1953,NA,400,NA,HG
107,822,Lake Sockeye,1953,NA,750,NA,HG
108,823,Lake Sockeye,1953,NA,3500,NA,HG
109,824,Lake Sockeye,1953,NA,3500,NA,HG
110,825,Lake Sockeye,1953,NA,750,NA,HG
111,826,Lake Sockeye,1953,NA,15000,NA,HG
112,827,Lake Sockeye,1953,NA,NA,NA,HG
113,800,Chum,1954,NA,NA,NA,HG
114,801,Chum,1954,202373,136725,334652,HG
115,802,Chum,1954,193823,125750,227097,HG
116,803,Chum,1954,222824,99200,347413,HG
117,804,Chum,1954,394243,236200,651936,HG
118,805,Chinook,1954,NA,NA,NA,HG
119,806,Chinook,1954,NA,NA,NA,HG
120,807,Coho,1954,127065,44050,167931,HG
121,808,Coho,1954,98632,4900,130354,HG
122,809,Coho,1954,213048,25800,281567,HG
123,810,Pink (Even),1954,680033,NA,830474,HG
124,811,Pink (Even),1954,687252,406000,1004458,HG
125,812,Pink (Even),1954,665685,332900,1702861,HG
126,813,Pink (Odd),1954,NA,NA,NA,HG
127,814,Pink (Odd),1954,NA,NA,NA,HG
128,815,Pink (Odd),1954,NA,NA,NA,HG
129,816,River Sockeye,1954,NA,25,NA,HG
130,817,River Sockeye,1954,NA,NA,NA,HG
131,818,River Sockeye,1954,NA,NA,NA,HG
132,819,Lake Sockeye,1954,NA,NA,NA,HG
133,820,Lake Sockeye,1954,3000,1500,3750,HG
134,821,Lake Sockeye,1954,NA,750,NA,HG
135,822,Lake Sockeye,1954,NA,NA,NA,HG
136,823,Lake Sockeye,1954,15000,7500,18750,HG
137,824,Lake Sockeye,1954,NA,NA,NA,HG
138,825,Lake Sockeye,1954,800,400,1000,HG
139,826,Lake Sockeye,1954,70000,35000,87500,HG
140,827,Lake Sockeye,1954,NA,NA,NA,HG
141,800,Chum,1955,NA,NA,NA,HG
142,801,Chum,1955,33683,30400,77860,HG
143,802,Chum,1955,79301,22650,85983,HG
144,803,Chum,1955,29185,9675,46867,HG
145,804,Chum,1955,13656,7050,31566,HG
146,805,Chinook,1955,NA,NA,NA,HG
147,806,Chinook,1955,NA,NA,NA,HG
148,807,Coho,1955,44016,25060,58172,HG
149,808,Coho,1955,98632,1550,130354,HG
150,809,Coho,1955,213048,20450,281567,HG
151,810,Pink (Even),1955,NA,NA,NA,HG
152,811,Pink (Even),1955,NA,NA,NA,HG
153,812,Pink (Even),1955,NA,NA,NA,HG
154,813,Pink (Odd),1955,46770,23275,77985,HG
155,814,Pink (Odd),1955,NA,NA,NA,HG
156,815,Pink (Odd),1955,NA,775,NA,HG
157,816,River Sockeye,1955,NA,NA,NA,HG
158,817,River Sockeye,1955,NA,NA,NA,HG
159,818,River Sockeye,1955,NA,NA,NA,HG
160,819,Lake Sockeye,1955,NA,NA,NA,HG
161,820,Lake Sockeye,1955,NA,NA,NA,HG
162,821,Lake Sockeye,1955,NA,NA,NA,HG
163,822,Lake Sockeye,1955,NA,NA,NA,HG
164,823,Lake Sockeye,1955,NA,NA,NA,HG
165,824,Lake Sockeye,1955,NA,NA,NA,HG
166,825,Lake Sockeye,1955,800,400,1000,HG
167,826,Lake Sockeye,1955,15000,7500,18750,HG
168,827,Lake Sockeye,1955,NA,NA,NA,HG
169,800,Chum,1956,NA,NA,NA,HG
170,801,Chum,1956,90344,66925,117094,HG
171,802,Chum,1956,30209,3700,47583,HG
172,803,Chum,1956,68102,17400,146502,HG
173,804,Chum,1956,74573,45375,96654,HG
174,805,Chinook,1956,NA,750,NA,HG
175,806,Chinook,1956,NA,NA,NA,HG
176,807,Coho,1956,51283,23650,67776,HG
177,808,Coho,1956,NA,425,NA,HG
178,809,Coho,1956,213048,22700,281567,HG
179,810,Pink (Even),1956,724076,NA,870934,HG
180,811,Pink (Even),1956,461253,261600,615093,HG
181,812,Pink (Even),1956,277518,116600,361543,HG
182,813,Pink (Odd),1956,NA,NA,NA,HG
183,814,Pink (Odd),1956,NA,NA,NA,HG
184,815,Pink (Odd),1956,NA,NA,NA,HG
185,816,River Sockeye,1956,NA,NA,NA,HG
186,817,River Sockeye,1956,NA,NA,NA,HG
187,818,River Sockeye,1956,NA,NA,NA,HG
188,819,Lake Sockeye,1956,NA,NA,NA,HG
189,820,Lake Sockeye,1956,NA,NA,NA,HG
190,821,Lake Sockeye,1956,NA,200,NA,HG
191,822,Lake Sockeye,1956,NA,NA,NA,HG
192,823,Lake Sockeye,1956,7000,3500,8750,HG
193,824,Lake Sockeye,1956,NA,NA,NA,HG
194,825,Lake Sockeye,1956,7000,3500,8750,HG
195,826,Lake Sockeye,1956,30000,15000,37500,HG
196,827,Lake Sockeye,1956,NA,NA,NA,HG
197,800,Chum,1957,300,200,375,HG
198,801,Chum,1957,166953,113950,183891,HG
199,802,Chum,1957,224835,146575,281304,HG
200,803,Chum,1957,289194,115150,294701,HG
201,804,Chum,1957,111917,56600,123272,HG
202,805,Chinook,1957,NA,1500,NA,HG
203,806,Chinook,1957,NA,NA,NA,HG
204,807,Coho,1957,42147,30950,55703,HG
205,808,Coho,1957,98632,10600,130354,HG
206,809,Coho,1957,213048,28950,281567,HG
207,810,Pink (Even),1957,NA,NA,NA,HG
208,811,Pink (Even),1957,NA,NA,NA,HG
209,812,Pink (Even),1957,NA,NA,NA,HG
210,813,Pink (Odd),1957,88675,46275,244237,HG
211,814,Pink (Odd),1957,NA,18500,NA,HG
212,815,Pink (Odd),1957,NA,1600,NA,HG
213,816,River Sockeye,1957,NA,NA,NA,HG
214,817,River Sockeye,1957,NA,NA,NA,HG
215,818,River Sockeye,1957,NA,NA,NA,HG
216,819,Lake Sockeye,1957,NA,400,NA,HG
217,820,Lake Sockeye,1957,800,400,1000,HG
218,821,Lake Sockeye,1957,NA,NA,NA,HG
219,822,Lake Sockeye,1957,NA,NA,NA,HG
220,823,Lake Sockeye,1957,3000,1500,3750,HG
221,824,Lake Sockeye,1957,NA,NA,NA,HG
222,825,Lake Sockeye,1957,NA,NA,NA,HG
223,826,Lake Sockeye,1957,70000,35000,87500,HG
224,827,Lake Sockeye,1957,1500,750,1875,HG
225,800,Chum,1958,300,200,374,HG
226,801,Chum,1958,209783,141850,222703,HG
227,802,Chum,1958,35508,23300,44314,HG
228,803,Chum,1958,119061,61475,125448,HG
229,804,Chum,1958,78513,43225,83348,HG
230,805,Chinook,1958,NA,NA,NA,HG
231,806,Chinook,1958,NA,NA,NA,HG
232,807,Coho,1958,46715,33925,61739,HG
233,808,Coho,1958,NA,1975,NA,HG
234,809,Coho,1958,213048,20175,281567,HG
235,810,Pink (Even),1958,643036,NA,1193728,HG
236,811,Pink (Even),1958,522613,311400,946885,HG
237,812,Pink (Even),1958,299582,131625,486272,HG
238,813,Pink (Odd),1958,NA,NA,NA,HG
239,814,Pink (Odd),1958,NA,NA,NA,HG
240,815,Pink (Odd),1958,NA,NA,NA,HG
241,816,River Sockeye,1958,NA,NA,NA,HG
242,817,River Sockeye,1958,NA,NA,NA,HG
243,818,River Sockeye,1958,NA,75,NA,HG
244,819,Lake Sockeye,1958,NA,750,NA,HG
245,820,Lake Sockeye,1958,NA,NA,NA,HG
246,821,Lake Sockeye,1958,NA,NA,NA,HG
247,822,Lake Sockeye,1958,NA,NA,NA,HG
248,823,Lake Sockeye,1958,70000,35000,87500,HG
249,824,Lake Sockeye,1958,NA,NA,NA,HG
250,825,Lake Sockeye,1958,15000,7500,18750,HG
251,826,Lake Sockeye,1958,30000,15000,37500,HG
252,827,Lake Sockeye,1958,7000,3500,8750,HG
253,800,Chum,1959,NA,NA,NA,HG
254,801,Chum,1959,28897,14525,28909,HG
255,802,Chum,1959,28686,18525,30625,HG
256,803,Chum,1959,26837,10829,32361,HG
257,804,Chum,1959,45922,23743,45941,HG
258,805,Chinook,1959,NA,3500,NA,HG
259,806,Chinook,1959,NA,NA,NA,HG
260,807,Coho,1959,8524,44675,11265,HG
261,808,Coho,1959,NA,785,NA,HG
262,809,Coho,1959,71016,25200,93856,HG
263,810,Pink (Even),1959,NA,NA,NA,HG
264,811,Pink (Even),1959,NA,NA,NA,HG
265,812,Pink (Even),1959,NA,NA,NA,HG
266,813,Pink (Odd),1959,284212,142275,289977,HG
267,814,Pink (Odd),1959,NA,18000,NA,HG
268,815,Pink (Odd),1959,NA,8245,NA,HG
269,816,River Sockeye,1959,NA,200,NA,HG
270,817,River Sockeye,1959,NA,NA,NA,HG
271,818,River Sockeye,1959,NA,NA,NA,HG
272,819,Lake Sockeye,1959,NA,750,NA,HG
273,820,Lake Sockeye,1959,1500,750,1875,HG
274,821,Lake Sockeye,1959,NA,NA,NA,HG
275,822,Lake Sockeye,1959,NA,NA,NA,HG
276,823,Lake Sockeye,1959,7000,3500,8750,HG
277,824,Lake Sockeye,1959,NA,NA,NA,HG
278,825,Lake Sockeye,1959,10000,5000,12500,HG
279,826,Lake Sockeye,1959,NA,NA,NA,HG
280,827,Lake Sockeye,1959,15000,7500,18750,HG
281,800,Chum,1960,300,200,325,HG
282,801,Chum,1960,267299,170975,270307,HG
283,802,Chum,1960,21965,14925,23802,HG
284,803,Chum,1960,47338,21957,48041,HG
285,804,Chum,1960,54051,22943,54659,HG
286,805,Chinook,1960,NA,750,NA,HG
287,806,Chinook,1960,NA,NA,NA,HG
288,807,Coho,1960,47408,37497,62655,HG
289,808,Coho,1960,NA,6000,NA,HG
290,809,Coho,1960,284064,34175,375423,HG
291,810,Pink (Even),1960,126966,NA,167077,HG
292,811,Pink (Even),1960,620639,369195,816594,HG
293,812,Pink (Even),1960,170774,149730,335682,HG
294,813,Pink (Odd),1960,NA,NA,NA,HG
295,814,Pink (Odd),1960,NA,NA,NA,HG
296,815,Pink (Odd),1960,NA,NA,NA,HG
297,816,River Sockeye,1960,NA,200,NA,HG
298,817,River Sockeye,1960,NA,NA,NA,HG
299,818,River Sockeye,1960,NA,750,NA,HG
300,819,Lake Sockeye,1960,NA,1500,NA,HG
301,820,Lake Sockeye,1960,NA,NA,NA,HG
302,821,Lake Sockeye,1960,NA,300,NA,HG
303,822,Lake Sockeye,1960,NA,NA,NA,HG
304,823,Lake Sockeye,1960,7000,3500,8750,HG
305,824,Lake Sockeye,1960,NA,NA,NA,HG
306,825,Lake Sockeye,1960,12000,6000,15000,HG
307,826,Lake Sockeye,1960,30000,15000,37500,HG
308,827,Lake Sockeye,1960,15000,7500,18750,HG
309,800,Chum,1961,38,25,38,HG
310,801,Chum,1961,255755,161600,314417,HG
311,802,Chum,1961,39386,26000,40205,HG
312,803,Chum,1961,157069,77175,160319,HG
313,804,Chum,1961,55749,33075,68537,HG
314,805,Chinook,1961,NA,3500,NA,HG
315,806,Chinook,1961,NA,NA,NA,HG
316,807,Coho,1961,69105,44500,91330,HG
317,808,Coho,1961,NA,4420,NA,HG
318,809,Coho,1961,852192,87150,1126270,HG
319,810,Pink (Even),1961,NA,NA,NA,HG
320,811,Pink (Even),1961,NA,NA,NA,HG
321,812,Pink (Even),1961,NA,NA,NA,HG
322,813,Pink (Odd),1961,53849,42325,68545,HG
323,814,Pink (Odd),1961,NA,20000,NA,HG
324,815,Pink (Odd),1961,NA,8050,NA,HG
325,816,River Sockeye,1961,NA,75,NA,HG
326,817,River Sockeye,1961,NA,NA,NA,HG
327,818,River Sockeye,1961,NA,100,NA,HG
328,819,Lake Sockeye,1961,NA,750,NA,HG
329,820,Lake Sockeye,1961,800,400,1000,HG
330,821,Lake Sockeye,1961,NA,500,NA,HG
331,822,Lake Sockeye,1961,NA,NA,NA,HG
332,823,Lake Sockeye,1961,15000,7500,18750,HG
333,824,Lake Sockeye,1961,NA,NA,NA,HG
334,825,Lake Sockeye,1961,10000,5000,12500,HG
335,826,Lake Sockeye,1961,30000,15000,37500,HG
336,827,Lake Sockeye,1961,7000,3500,8750,HG
337,800,Chum,1962,112,75,128,HG
338,801,Chum,1962,417344,269825,519089,HG
339,802,Chum,1962,21965,14500,24934,HG
340,803,Chum,1962,104028,55225,105209,HG
341,804,Chum,1962,48311,30475,60089,HG
342,805,Chinook,1962,NA,1500,NA,HG
343,806,Chinook,1962,NA,NA,NA,HG
344,807,Coho,1962,86063,48325,113742,HG
345,808,Coho,1962,NA,1425,NA,HG
346,809,Coho,1962,106524,43500,140784,HG
347,810,Pink (Even),1962,219796,NA,339237,HG
348,811,Pink (Even),1962,1069697,676625,1913163,HG
349,812,Pink (Even),1962,289963,98675,290024,HG
350,813,Pink (Odd),1962,NA,NA,NA,HG
351,814,Pink (Odd),1962,NA,NA,NA,HG
352,815,Pink (Odd),1962,NA,NA,NA,HG
353,816,River Sockeye,1962,NA,NA,NA,HG
354,817,River Sockeye,1962,NA,NA,NA,HG
355,818,River Sockeye,1962,NA,100,NA,HG
356,819,Lake Sockeye,1962,NA,3500,NA,HG
357,820,Lake Sockeye,1962,3000,1500,3750,HG
358,821,Lake Sockeye,1962,NA,400,NA,HG
359,822,Lake Sockeye,1962,NA,NA,NA,HG
360,823,Lake Sockeye,1962,30000,15000,37500,HG
361,824,Lake Sockeye,1962,NA,NA,NA,HG
362,825,Lake Sockeye,1962,7000,3500,8750,HG
363,826,Lake Sockeye,1962,70000,35000,87500,HG
364,827,Lake Sockeye,1962,30000,15000,37500,HG
365,800,Chum,1963,NA,NA,NA,HG
366,801,Chum,1963,372507,262508,500412,HG
367,802,Chum,1963,15906,10700,20052,HG
368,803,Chum,1963,157324,60675,157431,HG
369,804,Chum,1963,66778,29200,89708,HG
370,805,Chinook,1963,NA,NA,NA,HG
371,806,Chinook,1963,NA,NA,NA,HG
372,807,Coho,1963,144145,51654,185092,HG
373,808,Coho,1963,NA,1165,NA,HG
374,809,Coho,1963,106524,20075,136784,HG
375,810,Pink (Even),1963,NA,NA,NA,HG
376,811,Pink (Even),1963,NA,NA,NA,HG
377,812,Pink (Even),1963,NA,NA,NA,HG
378,813,Pink (Odd),1963,119833,115000,119837,HG
379,814,Pink (Odd),1963,NA,18575,NA,HG
380,815,Pink (Odd),1963,NA,4100,NA,HG
381,816,River Sockeye,1963,NA,NA,NA,HG
382,817,River Sockeye,1963,NA,NA,NA,HG
383,818,River Sockeye,1963,NA,NA,NA,HG
384,819,Lake Sockeye,1963,NA,1500,NA,HG
385,820,Lake Sockeye,1963,1500,750,1875,HG
386,821,Lake Sockeye,1963,NA,200,NA,HG
387,822,Lake Sockeye,1963,NA,NA,NA,HG
388,823,Lake Sockeye,1963,7000,3500,8750,HG
389,824,Lake Sockeye,1963,NA,NA,NA,HG
390,825,Lake Sockeye,1963,15000,7500,18750,HG
391,826,Lake Sockeye,1963,60000,30000,75000,HG
392,827,Lake Sockeye,1963,15000,7500,18750,HG
393,800,Chum,1964,2250,1500,2463,HG
394,801,Chum,1964,334432,258380,671360,HG
395,802,Chum,1964,141637,93525,155038,HG
396,803,Chum,1964,380190,186425,580502,HG
397,804,Chum,1964,285842,205000,573817,HG
398,805,Chinook,1964,NA,7500,NA,HG
399,806,Chinook,1964,NA,NA,NA,HG
400,807,Coho,1964,363340,93490,503762,HG
401,808,Coho,1964,98632,10500,136751,HG
402,809,Coho,1964,497112,95700,689233,HG
403,810,Pink (Even),1964,640373,NA,870420,HG
404,811,Pink (Even),1964,202639,138795,240287,HG
405,812,Pink (Even),1964,144355,54625,145755,HG
406,813,Pink (Odd),1964,NA,NA,NA,HG
407,814,Pink (Odd),1964,NA,NA,NA,HG
408,815,Pink (Odd),1964,NA,NA,NA,HG
409,816,River Sockeye,1964,NA,NA,NA,HG
410,817,River Sockeye,1964,NA,NA,NA,HG
411,818,River Sockeye,1964,NA,NA,NA,HG
412,819,Lake Sockeye,1964,NA,1500,NA,HG
413,820,Lake Sockeye,1964,3000,1500,3750,HG
414,821,Lake Sockeye,1964,NA,1500,NA,HG
415,822,Lake Sockeye,1964,NA,NA,NA,HG
416,823,Lake Sockeye,1964,15000,7500,18750,HG
417,824,Lake Sockeye,1964,NA,NA,NA,HG
418,825,Lake Sockeye,1964,3000,1500,3750,HG
419,826,Lake Sockeye,1964,30000,15000,37500,HG
420,827,Lake Sockeye,1964,30000,15000,37500,HG
421,800,Chum,1965,2250,1500,2342,HG
422,801,Chum,1965,237479,164500,288075,HG
423,802,Chum,1965,242487,160100,252412,HG
424,803,Chum,1965,70250,41825,145252,HG
425,804,Chum,1965,152822,74900,185381,HG
426,805,Chinook,1965,NA,15000,NA,HG
427,806,Chinook,1965,NA,NA,NA,HG
428,807,Coho,1965,186540,54465,236840,HG
429,808,Coho,1965,55830,4390,70884,HG
430,809,Coho,1965,156235,88850,198363,HG
431,810,Pink (Even),1965,NA,NA,NA,HG
432,811,Pink (Even),1965,NA,NA,NA,HG
433,812,Pink (Even),1965,NA,NA,NA,HG
434,813,Pink (Odd),1965,49771,45700,49966,HG
435,814,Pink (Odd),1965,NA,33950,NA,HG
436,815,Pink (Odd),1965,NA,35475,NA,HG
437,816,River Sockeye,1965,NA,NA,NA,HG
438,817,River Sockeye,1965,NA,NA,NA,HG
439,818,River Sockeye,1965,NA,25,NA,HG
440,819,Lake Sockeye,1965,NA,750,NA,HG
441,820,Lake Sockeye,1965,800,400,1000,HG
442,821,Lake Sockeye,1965,NA,1500,NA,HG
443,822,Lake Sockeye,1965,NA,75,NA,HG
444,823,Lake Sockeye,1965,3000,1500,3750,HG
445,824,Lake Sockeye,1965,NA,NA,NA,HG
446,825,Lake Sockeye,1965,15000,7500,18750,HG
447,826,Lake Sockeye,1965,40000,20000,50000,HG
448,827,Lake Sockeye,1965,15000,7500,18750,HG
449,800,Chum,1966,300,200,345,HG
450,801,Chum,1966,470797,336575,592319,HG
451,802,Chum,1966,141637,93750,162766,HG
452,803,Chum,1966,188668,96450,233132,HG
453,804,Chum,1966,116060,70025,146017,HG
454,805,Chinook,1966,NA,7500,NA,HG
455,806,Chinook,1966,NA,NA,NA,HG
456,807,Coho,1966,217589,108400,294456,HG
457,808,Coho,1966,104680,16575,141661,HG
458,809,Coho,1966,213048,31525,288311,HG
459,810,Pink (Even),1966,1672758,NA,2959786,HG
460,811,Pink (Even),1966,760785,501475,1036137,HG
461,812,Pink (Even),1966,432438,222775,631314,HG
462,813,Pink (Odd),1966,NA,NA,NA,HG
463,814,Pink (Odd),1966,NA,NA,NA,HG
464,815,Pink (Odd),1966,NA,NA,NA,HG
465,816,River Sockeye,1966,NA,NA,NA,HG
466,817,River Sockeye,1966,NA,NA,NA,HG
467,818,River Sockeye,1966,NA,25,NA,HG
468,819,Lake Sockeye,1966,NA,750,NA,HG
469,820,Lake Sockeye,1966,800,400,1000,HG
470,821,Lake Sockeye,1966,NA,1500,NA,HG
471,822,Lake Sockeye,1966,NA,NA,NA,HG
472,823,Lake Sockeye,1966,1500,750,1875,HG
473,824,Lake Sockeye,1966,NA,NA,NA,HG
474,825,Lake Sockeye,1966,15000,7500,18750,HG
475,826,Lake Sockeye,1966,50000,25000,62500,HG
476,827,Lake Sockeye,1966,7000,3500,8750,HG
477,800,Chum,1967,112,75,170,HG
478,801,Chum,1967,345819,232650,692112,HG
479,802,Chum,1967,47717,31500,71928,HG
480,803,Chum,1967,150858,85056,182845,HG
481,804,Chum,1967,97105,61900,194344,HG
482,805,Chinook,1967,NA,1500,NA,HG
483,806,Chinook,1967,NA,NA,NA,HG
484,807,Coho,1967,91769,48575,115864,HG
485,808,Coho,1967,81589,6707,103011,HG
486,809,Coho,1967,284064,44125,358646,HG
487,810,Pink (Even),1967,NA,NA,NA,HG
488,811,Pink (Even),1967,NA,NA,NA,HG
489,812,Pink (Even),1967,NA,NA,NA,HG
490,813,Pink (Odd),1967,112249,71950,115287,HG
491,814,Pink (Odd),1967,NA,150,NA,HG
492,815,Pink (Odd),1967,NA,6000,NA,HG
493,816,River Sockeye,1967,NA,NA,NA,HG
494,817,River Sockeye,1967,NA,NA,NA,HG
495,818,River Sockeye,1967,NA,25,NA,HG
496,819,Lake Sockeye,1967,NA,400,NA,HG
497,820,Lake Sockeye,1967,400,200,500,HG
498,821,Lake Sockeye,1967,NA,800,NA,HG
499,822,Lake Sockeye,1967,NA,NA,NA,HG
500,823,Lake Sockeye,1967,800,400,1000,HG
501,824,Lake Sockeye,1967,30000,15000,37500,HG
502,825,Lake Sockeye,1967,14000,7000,17500,HG
503,826,Lake Sockeye,1967,24000,12000,30000,HG
504,827,Lake Sockeye,1967,15000,7500,18750,HG
505,800,Chum,1968,NA,NA,NA,HG
506,801,Chum,1968,232942,181700,538686,HG
507,802,Chum,1968,56806,37500,81103,HG
508,803,Chum,1968,160294,99641,215605,HG
509,804,Chum,1968,248744,155300,575229,HG
510,805,Chinook,1968,NA,1500,NA,HG
511,806,Chinook,1968,NA,1,NA,HG
512,807,Coho,1968,92600,35900,125312,HG
513,808,Coho,1968,70325,4455,95169,HG
514,809,Coho,1968,106524,18000,144156,HG
515,810,Pink (Even),1968,2040700,NA,2869152,HG
516,811,Pink (Even),1968,1202773,769323,1687290,HG
517,812,Pink (Even),1968,269391,148790,487755,HG
518,813,Pink (Odd),1968,NA,NA,NA,HG
519,814,Pink (Odd),1968,NA,NA,NA,HG
520,815,Pink (Odd),1968,NA,NA,NA,HG
521,816,River Sockeye,1968,NA,NA,NA,HG
522,817,River Sockeye,1968,NA,NA,NA,HG
523,818,River Sockeye,1968,NA,750,NA,HG
524,819,Lake Sockeye,1968,NA,750,NA,HG
525,820,Lake Sockeye,1968,800,400,1000,HG
526,821,Lake Sockeye,1968,NA,1500,NA,HG
527,822,Lake Sockeye,1968,NA,NA,NA,HG
528,823,Lake Sockeye,1968,7000,3500,8750,HG
529,824,Lake Sockeye,1968,15000,7500,18750,HG
530,825,Lake Sockeye,1968,14000,7000,17500,HG
531,826,Lake Sockeye,1968,70000,35000,87500,HG
532,827,Lake Sockeye,1968,30000,15000,37500,HG
533,800,Chum,1969,NA,NA,NA,HG
534,801,Chum,1969,274504,170500,318417,HG
535,802,Chum,1969,68168,45000,103949,HG
536,803,Chum,1969,113156,65350,159057,HG
537,804,Chum,1969,72576,41300,84185,HG
538,805,Chinook,1969,NA,1500,NA,HG
539,806,Chinook,1969,NA,NA,NA,HG
540,807,Coho,1969,155302,76375,199419,HG
541,808,Coho,1969,54893,4160,70486,HG
542,809,Coho,1969,106524,15475,136784,HG
543,810,Pink (Even),1969,NA,NA,NA,HG
544,811,Pink (Even),1969,NA,NA,NA,HG
545,812,Pink (Even),1969,NA,NA,NA,HG
546,813,Pink (Odd),1969,245007,120425,268275,HG
547,814,Pink (Odd),1969,NA,200,NA,HG
548,815,Pink (Odd),1969,NA,6000,NA,HG
549,816,River Sockeye,1969,NA,25,NA,HG
550,817,River Sockeye,1969,NA,NA,NA,HG
551,818,River Sockeye,1969,NA,NA,NA,HG
552,819,Lake Sockeye,1969,NA,7500,NA,HG
553,820,Lake Sockeye,1969,15000,7500,18750,HG
554,821,Lake Sockeye,1969,NA,7000,NA,HG
555,822,Lake Sockeye,1969,NA,3500,NA,HG
556,823,Lake Sockeye,1969,30000,15000,37500,HG
557,824,Lake Sockeye,1969,7000,3500,8750,HG
558,825,Lake Sockeye,1969,16000,8000,20000,HG
559,826,Lake Sockeye,1969,70000,35000,87500,HG
560,827,Lake Sockeye,1969,30000,15000,37500,HG
561,800,Chum,1970,4500,3000,8030,HG
562,801,Chum,1970,292978,175200,615964,HG
563,802,Chum,1970,36945,21800,65922,HG
564,803,Chum,1970,127338,100875,308586,HG
565,804,Chum,1970,39810,30625,83698,HG
566,805,Chinook,1970,NA,800,NA,HG
567,806,Chinook,1970,NA,NA,NA,HG
568,807,Coho,1970,277384,73450,370933,HG
569,808,Coho,1970,26832,3650,35881,HG
570,809,Coho,1970,170438,36850,227919,HG
571,810,Pink (Even),1970,629830,NA,887472,HG
572,811,Pink (Even),1970,1303135,808335,1880546,HG
573,812,Pink (Even),1970,444957,324650,761720,HG
574,813,Pink (Odd),1970,NA,NA,NA,HG
575,814,Pink (Odd),1970,NA,NA,NA,HG
576,815,Pink (Odd),1970,NA,NA,NA,HG
577,816,River Sockeye,1970,NA,NA,NA,HG
578,817,River Sockeye,1970,NA,NA,NA,HG
579,818,River Sockeye,1970,NA,NA,NA,HG
580,819,Lake Sockeye,1970,NA,NA,NA,HG
581,820,Lake Sockeye,1970,NA,NA,NA,HG
582,821,Lake Sockeye,1970,NA,2000,NA,HG
583,822,Lake Sockeye,1970,NA,750,NA,HG
584,823,Lake Sockeye,1970,1500,750,1875,HG
585,824,Lake Sockeye,1970,7000,3500,8750,HG
586,825,Lake Sockeye,1970,5000,2500,6250,HG
587,826,Lake Sockeye,1970,40000,20000,50000,HG
588,827,Lake Sockeye,1970,50000,25000,62500,HG
589,800,Chum,1971,3750,2500,5510,HG
590,801,Chum,1971,226187,162075,450482,HG
591,802,Chum,1971,73890,42000,108565,HG
592,803,Chum,1971,142463,71276,218931,HG
593,804,Chum,1971,86368,67375,172014,HG
594,805,Chinook,1971,NA,500,NA,HG
595,806,Chinook,1971,NA,NA,NA,HG
596,807,Coho,1971,32870,10004,43955,HG
597,808,Coho,1971,6708,696,8970,HG
598,809,Coho,1971,127829,23635,170940,HG
599,810,Pink (Even),1971,NA,NA,NA,HG
600,811,Pink (Even),1971,NA,NA,NA,HG
601,812,Pink (Even),1971,NA,NA,NA,HG
602,813,Pink (Odd),1971,49699,26700,50408,HG
603,814,Pink (Odd),1971,NA,6050,NA,HG
604,815,Pink (Odd),1971,NA,NA,NA,HG
605,816,River Sockeye,1971,NA,NA,NA,HG
606,817,River Sockeye,1971,NA,NA,NA,HG
607,818,River Sockeye,1971,NA,NA,NA,HG
608,819,Lake Sockeye,1971,NA,500,NA,HG
609,820,Lake Sockeye,1971,NA,NA,NA,HG
610,821,Lake Sockeye,1971,NA,1500,NA,HG
611,822,Lake Sockeye,1971,NA,NA,NA,HG
612,823,Lake Sockeye,1971,20000,10000,25000,HG
613,824,Lake Sockeye,1971,NA,NA,NA,HG
614,825,Lake Sockeye,1971,6000,3000,7500,HG
615,826,Lake Sockeye,1971,40000,20000,50000,HG
616,827,Lake Sockeye,1971,12000,6000,15000,HG
617,800,Chum,1972,3000,2000,12982,HG
618,801,Chum,1972,172969,136730,368080,HG
619,802,Chum,1972,11435,6600,49483,HG
620,803,Chum,1972,116718,66725,225860,HG
621,804,Chum,1972,85288,57525,181495,HG
622,805,Chinook,1972,NA,1000,NA,HG
623,806,Chinook,1972,NA,NA,NA,HG
624,807,Coho,1972,120421,32475,170091,HG
625,808,Coho,1972,39556,2550,55871,HG
626,809,Coho,1972,213048,41150,300924,HG
627,810,Pink (Even),1972,521552,NA,713316,HG
628,811,Pink (Even),1972,1166380,766850,1542639,HG
629,812,Pink (Even),1972,561736,380900,1204238,HG
630,813,Pink (Odd),1972,NA,NA,NA,HG
631,814,Pink (Odd),1972,NA,NA,NA,HG
632,815,Pink (Odd),1972,NA,NA,NA,HG
633,816,River Sockeye,1972,NA,NA,NA,HG
634,817,River Sockeye,1972,NA,NA,NA,HG
635,818,River Sockeye,1972,NA,NA,NA,HG
636,819,Lake Sockeye,1972,NA,1000,NA,HG
637,820,Lake Sockeye,1972,3000,1500,3750,HG
638,821,Lake Sockeye,1972,NA,50,NA,HG
639,822,Lake Sockeye,1972,NA,NA,NA,HG
640,823,Lake Sockeye,1972,20000,10000,25000,HG
641,824,Lake Sockeye,1972,NA,NA,NA,HG
642,825,Lake Sockeye,1972,10000,5000,12500,HG
643,826,Lake Sockeye,1972,6000,3000,7500,HG
644,827,Lake Sockeye,1972,10000,5000,12500,HG
645,800,Chum,1973,3000,2000,5357,HG
646,801,Chum,1973,227752,176260,541418,HG
647,802,Chum,1973,65093,48000,116245,HG
648,803,Chum,1973,78443,41840,134322,HG
649,804,Chum,1973,91874,57700,218405,HG
650,805,Chinook,1973,NA,900,NA,HG
651,806,Chinook,1973,NA,NA,NA,HG
652,807,Coho,1973,121893,44850,157414,HG
653,808,Coho,1973,8050,471,10395,HG
654,809,Coho,1973,44030,61650,56861,HG
655,810,Pink (Even),1973,NA,NA,NA,HG
656,811,Pink (Even),1973,NA,NA,NA,HG
657,812,Pink (Even),1973,NA,NA,NA,HG
658,813,Pink (Odd),1973,67287,34225,67662,HG
659,814,Pink (Odd),1973,NA,4000,NA,HG
660,815,Pink (Odd),1973,NA,NA,NA,HG
661,816,River Sockeye,1973,NA,NA,NA,HG
662,817,River Sockeye,1973,NA,NA,NA,HG
663,818,River Sockeye,1973,NA,NA,NA,HG
664,819,Lake Sockeye,1973,NA,3000,NA,HG
665,820,Lake Sockeye,1973,4000,2000,5000,HG
666,821,Lake Sockeye,1973,NA,1400,NA,HG
667,822,Lake Sockeye,1973,NA,1000,NA,HG
668,823,Lake Sockeye,1973,40000,20000,50000,HG
669,824,Lake Sockeye,1973,10000,5000,12500,HG
670,825,Lake Sockeye,1973,8000,4000,10000,HG
671,826,Lake Sockeye,1973,20000,10000,25000,HG
672,827,Lake Sockeye,1973,24000,12000,30000,HG
673,800,Chum,1974,6000,4000,7929,HG
674,801,Chum,1974,164467,88790,257849,HG
675,802,Chum,1974,54538,37800,72067,HG
676,803,Chum,1974,52729,45098,116035,HG
677,804,Chum,1974,98397,58725,154265,HG
678,805,Chinook,1974,NA,1000,NA,HG
679,806,Chinook,1974,NA,NA,NA,HG
680,807,Coho,1974,74007,16890,98384,HG
681,808,Coho,1974,5185,385,6893,HG
682,809,Coho,1974,NA,97100,NA,HG
683,810,Pink (Even),1974,295904,NA,372717,HG
684,811,Pink (Even),1974,606765,423171,828283,HG
685,812,Pink (Even),1974,197468,148975,408786,HG
686,813,Pink (Odd),1974,NA,NA,NA,HG
687,814,Pink (Odd),1974,NA,NA,NA,HG
688,815,Pink (Odd),1974,NA,NA,NA,HG
689,816,River Sockeye,1974,NA,NA,NA,HG
690,817,River Sockeye,1974,NA,NA,NA,HG
691,818,River Sockeye,1974,NA,200,NA,HG
692,819,Lake Sockeye,1974,NA,1500,NA,HG
693,820,Lake Sockeye,1974,3000,1500,3750,HG
694,821,Lake Sockeye,1974,NA,1000,NA,HG
695,822,Lake Sockeye,1974,NA,800,NA,HG
696,823,Lake Sockeye,1974,40000,20000,50000,HG
697,824,Lake Sockeye,1974,NA,NA,NA,HG
698,825,Lake Sockeye,1974,4000,2000,5000,HG
699,826,Lake Sockeye,1974,16000,8000,20000,HG
700,827,Lake Sockeye,1974,30000,15000,37500,HG
701,800,Chum,1975,750,500,847,HG
702,801,Chum,1975,65806,56657,67383,HG
703,802,Chum,1975,87964,52550,99287,HG
704,803,Chum,1975,38454,27974,80477,HG
705,804,Chum,1975,27250,16442,27903,HG
706,805,Chinook,1975,NA,1500,NA,HG
707,806,Chinook,1975,NA,NA,NA,HG
708,807,Coho,1975,124574,47120,156407,HG
709,808,Coho,1975,8296,450,10416,HG
710,809,Coho,1975,142032,58300,178327,HG
711,810,Pink (Even),1975,NA,NA,NA,HG
712,811,Pink (Even),1975,NA,NA,NA,HG
713,812,Pink (Even),1975,NA,NA,NA,HG
714,813,Pink (Odd),1975,30101,20365,35529,HG
715,814,Pink (Odd),1975,NA,3950,NA,HG
716,815,Pink (Odd),1975,NA,327,NA,HG
717,816,River Sockeye,1975,NA,88,NA,HG
718,817,River Sockeye,1975,NA,25,NA,HG
719,818,River Sockeye,1975,NA,NA,NA,HG
720,819,Lake Sockeye,1975,NA,2000,NA,HG
721,820,Lake Sockeye,1975,2000,1000,2500,HG
722,821,Lake Sockeye,1975,NA,1000,NA,HG
723,822,Lake Sockeye,1975,NA,1000,NA,HG
724,823,Lake Sockeye,1975,6000,3000,7500,HG
725,824,Lake Sockeye,1975,NA,NA,NA,HG
726,825,Lake Sockeye,1975,NA,NA,NA,HG
727,826,Lake Sockeye,1975,35000,17500,43750,HG
728,827,Lake Sockeye,1975,19000,9500,23750,HG
729,800,Chum,1976,4500,3000,4617,HG
730,801,Chum,1976,158484,106745,192736,HG
731,802,Chum,1976,80047,50500,82124,HG
732,803,Chum,1976,41819,29314,44546,HG
733,804,Chum,1976,61106,38408,74312,HG
734,805,Chinook,1976,NA,700,NA,HG
735,806,Chinook,1976,NA,NA,NA,HG
736,807,Coho,1976,68516,42225,86024,HG
737,808,Coho,1976,NA,698,NA,HG
738,809,Coho,1976,177540,166700,222908,HG
739,810,Pink (Even),1976,430632,NA,435976,HG
740,811,Pink (Even),1976,818418,615100,2436253,HG
741,812,Pink (Even),1976,65917,49371,78378,HG
742,813,Pink (Odd),1976,NA,NA,NA,HG
743,814,Pink (Odd),1976,NA,NA,NA,HG
744,815,Pink (Odd),1976,NA,NA,NA,HG
745,816,River Sockeye,1976,NA,NA,NA,HG
746,817,River Sockeye,1976,NA,6,NA,HG
747,818,River Sockeye,1976,NA,100,NA,HG
748,819,Lake Sockeye,1976,NA,1000,NA,HG
749,820,Lake Sockeye,1976,1600,800,2000,HG
750,821,Lake Sockeye,1976,NA,850,NA,HG
751,822,Lake Sockeye,1976,NA,1000,NA,HG
752,823,Lake Sockeye,1976,60000,30000,75000,HG
753,824,Lake Sockeye,1976,NA,NA,NA,HG
754,825,Lake Sockeye,1976,2000,1000,2500,HG
755,826,Lake Sockeye,1976,22000,11000,27500,HG
756,827,Lake Sockeye,1976,16000,8000,20000,HG
757,800,Chum,1977,6000,4000,6352,HG
758,801,Chum,1977,67508,59480,114903,HG
759,802,Chum,1977,84445,56300,89404,HG
760,803,Chum,1977,81876,41721,98721,HG
761,804,Chum,1977,169046,110045,287728,HG
762,805,Chinook,1977,NA,800,NA,HG
763,806,Chinook,1977,NA,NA,NA,HG
764,807,Coho,1977,59795,31625,80919,HG
765,808,Coho,1977,28348,635,38363,HG
766,809,Coho,1977,71016,60800,96104,HG
767,810,Pink (Even),1977,NA,NA,NA,HG
768,811,Pink (Even),1977,NA,NA,NA,HG
769,812,Pink (Even),1977,NA,NA,NA,HG
770,813,Pink (Odd),1977,13136,8580,15947,HG
771,814,Pink (Odd),1977,NA,4900,NA,HG
772,815,Pink (Odd),1977,NA,75,NA,HG
773,816,River Sockeye,1977,NA,50,NA,HG
774,817,River Sockeye,1977,NA,1,NA,HG
775,818,River Sockeye,1977,NA,50,NA,HG
776,819,Lake Sockeye,1977,NA,1500,NA,HG
777,820,Lake Sockeye,1977,2000,1000,2500,HG
778,821,Lake Sockeye,1977,NA,1200,NA,HG
779,822,Lake Sockeye,1977,NA,1200,NA,HG
780,823,Lake Sockeye,1977,40000,20000,50000,HG
781,824,Lake Sockeye,1977,NA,NA,NA,HG
782,825,Lake Sockeye,1977,NA,NA,NA,HG
783,826,Lake Sockeye,1977,20000,10000,25000,HG
784,827,Lake Sockeye,1977,26000,13000,32500,HG
785,800,Chum,1978,1500,1000,1600,HG
786,801,Chum,1978,162150,105379,215908,HG
787,802,Chum,1978,87964,55200,93821,HG
788,803,Chum,1978,45240,33445,55195,HG
789,804,Chum,1978,180003,112790,239681,HG
790,805,Chinook,1978,NA,600,NA,HG
791,806,Chinook,1978,NA,NA,NA,HG
792,807,Coho,1978,73499,43685,105798,HG
793,808,Coho,1978,16938,1051,24382,HG
794,809,Coho,1978,213048,77350,306673,HG
795,810,Pink (Even),1978,333926,NA,351773,HG
796,811,Pink (Even),1978,757790,528335,1004251,HG
797,812,Pink (Even),1978,242331,159463,466483,HG
798,813,Pink (Odd),1978,NA,NA,NA,HG
799,814,Pink (Odd),1978,NA,NA,NA,HG
800,815,Pink (Odd),1978,NA,NA,NA,HG
801,816,River Sockeye,1978,NA,NA,NA,HG
802,817,River Sockeye,1978,NA,3,NA,HG
803,818,River Sockeye,1978,NA,100,NA,HG
804,819,Lake Sockeye,1978,NA,1200,NA,HG
805,820,Lake Sockeye,1978,2000,1000,2500,HG
806,821,Lake Sockeye,1978,NA,1050,NA,HG
807,822,Lake Sockeye,1978,NA,1000,NA,HG
808,823,Lake Sockeye,1978,10000,5000,12500,HG
809,824,Lake Sockeye,1978,NA,NA,NA,HG
810,825,Lake Sockeye,1978,6000,3000,7500,HG
811,826,Lake Sockeye,1978,12000,6000,15000,HG
812,827,Lake Sockeye,1978,24000,12000,30000,HG
813,800,Chum,1979,600,400,675,HG
814,801,Chum,1979,22370,19272,22722,HG
815,802,Chum,1979,49260,32050,55408,HG
816,803,Chum,1979,84962,50743,96509,HG
817,804,Chum,1979,43987,27937,44680,HG
818,805,Chinook,1979,NA,475,NA,HG
819,806,Chinook,1979,NA,NA,NA,HG
820,807,Coho,1979,62411,19952,90998,HG
821,808,Coho,1979,30665,1151,44711,HG
822,809,Coho,1979,113626,49350,165669,HG
823,810,Pink (Even),1979,NA,NA,NA,HG
824,811,Pink (Even),1979,NA,NA,NA,HG
825,812,Pink (Even),1979,NA,NA,NA,HG
826,813,Pink (Odd),1979,32639,21788,32639,HG
827,814,Pink (Odd),1979,NA,11250,NA,HG
828,815,Pink (Odd),1979,NA,601,NA,HG
829,816,River Sockeye,1979,NA,14,NA,HG
830,817,River Sockeye,1979,NA,2,NA,HG
831,818,River Sockeye,1979,NA,150,NA,HG
832,819,Lake Sockeye,1979,NA,1800,NA,HG
833,820,Lake Sockeye,1979,5000,2500,6250,HG
834,821,Lake Sockeye,1979,NA,2450,NA,HG
835,822,Lake Sockeye,1979,NA,1200,NA,HG
836,823,Lake Sockeye,1979,11000,5500,13750,HG
837,824,Lake Sockeye,1979,NA,NA,NA,HG
838,825,Lake Sockeye,1979,4000,2000,5000,HG
839,826,Lake Sockeye,1979,10000,5000,12500,HG
840,827,Lake Sockeye,1979,19000,9500,23750,HG
841,800,Chum,1980,900,600,1384,HG
842,801,Chum,1980,141492,106141,214187,HG
843,802,Chum,1980,19072,14168,29336,HG
844,803,Chum,1980,116862,70320,166732,HG
845,804,Chum,1980,111092,71260,168169,HG
846,805,Chinook,1980,971,600,NA,HG
847,806,Chinook,1980,NA,NA,NA,HG
848,807,Coho,1980,58550,19156,87052,HG
849,808,Coho,1980,7424,971,11037,HG
850,809,Coho,1980,85219,23240,126704,HG
851,810,Pink (Even),1980,429222,NA,535336,HG
852,811,Pink (Even),1980,399896,305172,400899,HG
853,812,Pink (Even),1980,266684,172078,347713,HG
854,813,Pink (Odd),1980,NA,NA,NA,HG
855,814,Pink (Odd),1980,NA,NA,NA,HG
856,815,Pink (Odd),1980,NA,NA,NA,HG
857,816,River Sockeye,1980,NA,47,NA,HG
858,817,River Sockeye,1980,NA,1,NA,HG
859,818,River Sockeye,1980,NA,NA,NA,HG
860,819,Lake Sockeye,1980,NA,1500,NA,HG
861,820,Lake Sockeye,1980,19000,9500,23750,HG
862,821,Lake Sockeye,1980,NA,1050,NA,HG
863,822,Lake Sockeye,1980,NA,NA,NA,HG
864,823,Lake Sockeye,1980,9400,4700,11750,HG
865,824,Lake Sockeye,1980,2000,1000,2500,HG
866,825,Lake Sockeye,1980,6000,3000,7500,HG
867,826,Lake Sockeye,1980,9280,4640,11600,HG
868,827,Lake Sockeye,1980,35000,17500,43750,HG
869,800,Chum,1981,900,600,1282,HG
870,801,Chum,1981,152027,101013,173100,HG
871,802,Chum,1981,38456,25500,54758,HG
872,803,Chum,1981,54449,37835,60317,HG
873,804,Chum,1981,122436,73782,139407,HG
874,805,Chinook,1981,1214,850,NA,HG
875,806,Chinook,1981,NA,NA,NA,HG
876,807,Coho,1981,74719,20984,106202,HG
877,808,Coho,1981,26976,2207,38342,HG
878,809,Coho,1981,71016,23102,100939,HG
879,810,Pink (Even),1981,NA,NA,NA,HG
880,811,Pink (Even),1981,NA,NA,NA,HG
881,812,Pink (Even),1981,NA,NA,NA,HG
882,813,Pink (Odd),1981,11900,9246,12105,HG
883,814,Pink (Odd),1981,NA,3650,NA,HG
884,815,Pink (Odd),1981,NA,434,NA,HG
885,816,River Sockeye,1981,NA,NA,NA,HG
886,817,River Sockeye,1981,NA,10,NA,HG
887,818,River Sockeye,1981,NA,NA,NA,HG
888,819,Lake Sockeye,1981,NA,1500,NA,HG
889,820,Lake Sockeye,1981,4000,2000,5000,HG
890,821,Lake Sockeye,1981,NA,900,NA,HG
891,822,Lake Sockeye,1981,NA,NA,NA,HG
892,823,Lake Sockeye,1981,8000,4000,10000,HG
893,824,Lake Sockeye,1981,2000,1000,2500,HG
894,825,Lake Sockeye,1981,7000,3500,8750,HG
895,826,Lake Sockeye,1981,4000,2000,5000,HG
896,827,Lake Sockeye,1981,31000,15500,38750,HG
897,800,Chum,1982,3000,2000,3346,HG
898,801,Chum,1982,109919,98337,121428,HG
899,802,Chum,1982,104737,68800,116803,HG
900,803,Chum,1982,98115,73406,142223,HG
901,804,Chum,1982,177992,114815,196628,HG
902,805,Chinook,1982,2266,1400,NA,HG
903,806,Chinook,1982,NA,NA,NA,HG
904,807,Coho,1982,64363,31814,86582,HG
905,808,Coho,1982,6796,833,9142,HG
906,809,Coho,1982,71016,40760,95532,HG
907,810,Pink (Even),1982,545373,NA,563470,HG
908,811,Pink (Even),1982,232264,164183,232363,HG
909,812,Pink (Even),1982,185316,113337,200993,HG
910,813,Pink (Odd),1982,NA,NA,NA,HG
911,814,Pink (Odd),1982,NA,NA,NA,HG
912,815,Pink (Odd),1982,NA,NA,NA,HG
913,816,River Sockeye,1982,NA,4,NA,HG
914,817,River Sockeye,1982,NA,6,NA,HG
915,818,River Sockeye,1982,NA,NA,NA,HG
916,819,Lake Sockeye,1982,NA,1500,NA,HG
917,820,Lake Sockeye,1982,10000,5000,12500,HG
918,821,Lake Sockeye,1982,NA,825,NA,HG
919,822,Lake Sockeye,1982,NA,NA,NA,HG
920,823,Lake Sockeye,1982,10000,5000,12500,HG
921,824,Lake Sockeye,1982,1600,800,2000,HG
922,825,Lake Sockeye,1982,8000,4000,10000,HG
923,826,Lake Sockeye,1982,2100,1050,2625,HG
924,827,Lake Sockeye,1982,34000,17000,42500,HG
925,800,Chum,1983,75,50,79,HG
926,801,Chum,1983,164354,107832,164946,HG
927,802,Chum,1983,53150,35175,55786,HG
928,803,Chum,1983,44112,29829,50265,HG
929,804,Chum,1983,82099,52015,82395,HG
930,805,Chinook,1983,971,600,NA,HG
931,806,Chinook,1983,NA,NA,NA,HG
932,807,Coho,1983,63242,23861,98567,HG
933,808,Coho,1983,8887,837,13852,HG
934,809,Coho,1983,63914,26400,99615,HG
935,810,Pink (Even),1983,NA,NA,NA,HG
936,811,Pink (Even),1983,NA,NA,NA,HG
937,812,Pink (Even),1983,NA,NA,NA,HG
938,813,Pink (Odd),1983,23484,13244,23484,HG
939,814,Pink (Odd),1983,NA,2130,NA,HG
940,815,Pink (Odd),1983,NA,516,NA,HG
941,816,River Sockeye,1983,NA,6,NA,HG
942,817,River Sockeye,1983,NA,8,NA,HG
943,818,River Sockeye,1983,NA,NA,NA,HG
944,819,Lake Sockeye,1983,NA,1500,NA,HG
945,820,Lake Sockeye,1983,8000,4000,10000,HG
946,821,Lake Sockeye,1983,NA,650,NA,HG
947,822,Lake Sockeye,1983,NA,NA,NA,HG
948,823,Lake Sockeye,1983,4000,2000,5000,HG
949,824,Lake Sockeye,1983,2000,1000,2500,HG
950,825,Lake Sockeye,1983,6000,3000,7500,HG
951,826,Lake Sockeye,1983,16000,8000,20000,HG
952,827,Lake Sockeye,1983,24000,12000,30000,HG
953,800,Chum,1984,3000,2000,3232,HG
954,801,Chum,1984,285526,187808,440981,HG
955,802,Chum,1984,78162,50775,84206,HG
956,803,Chum,1984,77068,54065,160037,HG
957,804,Chum,1984,161640,97323,249646,HG
958,805,Chinook,1984,486,300,NA,HG
959,806,Chinook,1984,NA,NA,NA,HG
960,807,Coho,1984,63641,19657,93392,HG
961,808,Coho,1984,15265,970,22402,HG
962,809,Coho,1984,49711,33400,72951,HG
963,810,Pink (Even),1984,1848423,NA,2529414,HG
964,811,Pink (Even),1984,297167,191848,340786,HG
965,812,Pink (Even),1984,107527,67471,227967,HG
966,813,Pink (Odd),1984,NA,NA,NA,HG
967,814,Pink (Odd),1984,NA,NA,NA,HG
968,815,Pink (Odd),1984,NA,NA,NA,HG
969,816,River Sockeye,1984,NA,5,NA,HG
970,817,River Sockeye,1984,NA,3,NA,HG
971,818,River Sockeye,1984,NA,NA,NA,HG
972,819,Lake Sockeye,1984,NA,1500,NA,HG
973,820,Lake Sockeye,1984,10000,5000,12500,HG
974,821,Lake Sockeye,1984,NA,50,NA,HG
975,822,Lake Sockeye,1984,NA,NA,NA,HG
976,823,Lake Sockeye,1984,2000,1000,2500,HG
977,824,Lake Sockeye,1984,2000,1000,2500,HG
978,825,Lake Sockeye,1984,3000,1500,3750,HG
979,826,Lake Sockeye,1984,20000,10000,25000,HG
980,827,Lake Sockeye,1984,22000,11000,27500,HG
981,800,Chum,1985,2100,1400,3291,HG
982,801,Chum,1985,277673,172561,649089,HG
983,802,Chum,1985,95358,62400,149418,HG
984,803,Chum,1985,106663,64090,181898,HG
985,804,Chum,1985,211323,137924,493990,HG
986,805,Chinook,1985,2428,1500,NA,HG
987,806,Chinook,1985,NA,NA,NA,HG
988,807,Coho,1985,61207,21504,91606,HG
989,808,Coho,1985,8992,845,13458,HG
990,809,Coho,1985,113626,31800,170058,HG
991,810,Pink (Even),1985,NA,NA,NA,HG
992,811,Pink (Even),1985,NA,NA,NA,HG
993,812,Pink (Even),1985,NA,NA,NA,HG
994,813,Pink (Odd),1985,31926,19985,42355,HG
995,814,Pink (Odd),1985,NA,1875,NA,HG
996,815,Pink (Odd),1985,NA,921,NA,HG
997,816,River Sockeye,1985,NA,213,NA,HG
998,817,River Sockeye,1985,NA,NA,NA,HG
999,818,River Sockeye,1985,NA,NA,NA,HG
1000,819,Lake Sockeye,1985,NA,3500,NA,HG
1001,820,Lake Sockeye,1985,36000,18000,45000,HG
1002,821,Lake Sockeye,1985,NA,100,NA,HG
1003,822,Lake Sockeye,1985,NA,2500,NA,HG
1004,823,Lake Sockeye,1985,8400,4200,10500,HG
1005,824,Lake Sockeye,1985,2000,1000,2500,HG
1006,825,Lake Sockeye,1985,2000,1000,2500,HG
1007,826,Lake Sockeye,1985,36000,18000,45000,HG
1008,827,Lake Sockeye,1985,30000,15000,37500,HG
1009,800,Chum,1986,3300,2200,6024,HG
1010,801,Chum,1986,237694,178985,370654,HG
1011,802,Chum,1986,125059,80300,228292,HG
1012,803,Chum,1986,101637,67746,125159,HG
1013,804,Chum,1986,163337,109514,254703,HG
1014,805,Chinook,1986,809,500,NA,HG
1015,806,Chinook,1986,NA,NA,NA,HG
1016,807,Coho,1986,47654,18627,75310,HG
1017,808,Coho,1986,47574,1851,75184,HG
1018,809,Coho,1986,42610,37048,67339,HG
1019,810,Pink (Even),1986,1241513,NA,2108245,HG
1020,811,Pink (Even),1986,1063193,703701,1416281,HG
1021,812,Pink (Even),1986,430036,264562,531051,HG
1022,813,Pink (Odd),1986,NA,NA,NA,HG
1023,814,Pink (Odd),1986,NA,NA,NA,HG
1024,815,Pink (Odd),1986,NA,NA,NA,HG
1025,816,River Sockeye,1986,NA,15,NA,HG
1026,817,River Sockeye,1986,NA,NA,NA,HG
1027,818,River Sockeye,1986,NA,NA,NA,HG
1028,819,Lake Sockeye,1986,NA,500,NA,HG
1029,820,Lake Sockeye,1986,8000,4000,10000,HG
1030,821,Lake Sockeye,1986,NA,200,NA,HG
1031,822,Lake Sockeye,1986,NA,1000,NA,HG
1032,823,Lake Sockeye,1986,2000,1000,2500,HG
1033,824,Lake Sockeye,1986,500,250,625,HG
1034,825,Lake Sockeye,1986,6000,3000,7500,HG
1035,826,Lake Sockeye,1986,6000,3000,7500,HG
1036,827,Lake Sockeye,1986,14000,7000,17500,HG
1037,800,Chum,1987,300,200,326,HG
1038,801,Chum,1987,317682,225544,449524,HG
1039,802,Chum,1987,78162,50900,84995,HG
1040,803,Chum,1987,83137,51109,105877,HG
1041,804,Chum,1987,163708,106837,231648,HG
1042,805,Chinook,1987,3237,2000,NA,HG
1043,806,Chinook,1987,NA,NA,NA,HG
1044,807,Coho,1987,64529,18797,90020,HG
1045,808,Coho,1987,37526,1201,52350,HG
1046,809,Coho,1987,35508,36199,49535,HG
1047,810,Pink (Even),1987,NA,NA,NA,HG
1048,811,Pink (Even),1987,NA,NA,NA,HG
1049,812,Pink (Even),1987,NA,NA,NA,HG
1050,813,Pink (Odd),1987,68096,35565,68356,HG
1051,814,Pink (Odd),1987,NA,4500,NA,HG
1052,815,Pink (Odd),1987,NA,42,NA,HG
1053,816,River Sockeye,1987,NA,34,NA,HG
1054,817,River Sockeye,1987,NA,NA,NA,HG
1055,818,River Sockeye,1987,NA,NA,NA,HG
1056,819,Lake Sockeye,1987,NA,200,NA,HG
1057,820,Lake Sockeye,1987,2400,1200,3000,HG
1058,821,Lake Sockeye,1987,NA,1250,NA,HG
1059,822,Lake Sockeye,1987,NA,1200,NA,HG
1060,823,Lake Sockeye,1987,4000,2000,5000,HG
1061,824,Lake Sockeye,1987,2000,1000,2500,HG
1062,825,Lake Sockeye,1987,6000,3000,7500,HG
1063,826,Lake Sockeye,1987,24000,12000,30000,HG
1064,827,Lake Sockeye,1987,9000,4500,11250,HG
1065,800,Chum,1988,2100,1400,2477,HG
1066,801,Chum,1988,299257,193254,593870,HG
1067,802,Chum,1988,42989,28550,50706,HG
1068,803,Chum,1988,94087,55218,102304,HG
1069,804,Chum,1988,110216,73900,218722,HG
1070,805,Chinook,1988,3561,2200,NA,HG
1071,806,Chinook,1988,NA,NA,NA,HG
1072,807,Coho,1988,59878,19275,83020,HG
1073,808,Coho,1988,37641,2073,52188,HG
1074,809,Coho,1988,78118,35670,108308,HG
1075,810,Pink (Even),1988,847675,NA,1033016,HG
1076,811,Pink (Even),1988,877645,572163,1015865,HG
1077,812,Pink (Even),1988,275270,168343,344120,HG
1078,813,Pink (Odd),1988,NA,NA,NA,HG
1079,814,Pink (Odd),1988,NA,NA,NA,HG
1080,815,Pink (Odd),1988,NA,NA,NA,HG
1081,816,River Sockeye,1988,NA,28,NA,HG
1082,817,River Sockeye,1988,NA,11,NA,HG
1083,818,River Sockeye,1988,NA,50,NA,HG
1084,819,Lake Sockeye,1988,NA,400,NA,HG
1085,820,Lake Sockeye,1988,8800,4400,11000,HG
1086,821,Lake Sockeye,1988,NA,150,NA,HG
1087,822,Lake Sockeye,1988,NA,2500,NA,HG
1088,823,Lake Sockeye,1988,9000,4500,11250,HG
1089,824,Lake Sockeye,1988,2000,1000,2500,HG
1090,825,Lake Sockeye,1988,1600,800,2000,HG
1091,826,Lake Sockeye,1988,34000,17000,42500,HG
1092,827,Lake Sockeye,1988,23500,11750,29375,HG
1093,800,Chum,1989,NA,NA,NA,HG
1094,801,Chum,1989,300717,204575,391964,HG
1095,802,Chum,1989,28529,18975,33789,HG
1096,803,Chum,1989,55426,30100,84995,HG
1097,804,Chum,1989,144322,95248,188114,HG
1098,805,Chinook,1989,4532,2800,NA,HG
1099,806,Chinook,1989,NA,NA,NA,HG
1100,807,Coho,1989,25911,11467,35595,HG
1101,808,Coho,1989,11188,1312,15369,HG
1102,809,Coho,1989,85219,23395,117068,HG
1103,810,Pink (Even),1989,NA,NA,NA,HG
1104,811,Pink (Even),1989,NA,NA,NA,HG
1105,812,Pink (Even),1989,NA,NA,NA,HG
1106,813,Pink (Odd),1989,43487,23264,46503,HG
1107,814,Pink (Odd),1989,NA,1300,NA,HG
1108,815,Pink (Odd),1989,NA,77,NA,HG
1109,816,River Sockeye,1989,NA,1,NA,HG
1110,817,River Sockeye,1989,NA,4,NA,HG
1111,818,River Sockeye,1989,NA,NA,NA,HG
1112,819,Lake Sockeye,1989,NA,100,NA,HG
1113,820,Lake Sockeye,1989,200,100,250,HG
1114,821,Lake Sockeye,1989,NA,NA,NA,HG
1115,822,Lake Sockeye,1989,NA,1000,NA,HG
1116,823,Lake Sockeye,1989,NA,NA,NA,HG
1117,824,Lake Sockeye,1989,1000,500,1250,HG
1118,825,Lake Sockeye,1989,NA,NA,NA,HG
1119,826,Lake Sockeye,1989,6600,3300,8250,HG
1120,827,Lake Sockeye,1989,20000,10000,25000,HG
1121,800,Chum,1990,300,200,657,HG
1122,801,Chum,1990,331839,226146,547339,HG
1123,802,Chum,1990,6987,4500,15312,HG
1124,803,Chum,1990,75339,53310,123215,HG
1125,804,Chum,1990,133368,85965,219979,HG
1126,805,Chinook,1990,3000,2000,NA,HG
1127,806,Chinook,1990,NA,132,NA,HG
1128,807,Coho,1990,46773,11230,67648,HG
1129,808,Coho,1990,9933,1213,14366,HG
1130,809,Coho,1990,10652,11835,15406,HG
1131,810,Pink (Even),1990,2113319,NA,3483143,HG
1132,811,Pink (Even),1990,1333403,876093,1668756,HG
1133,812,Pink (Even),1990,285667,192924,565203,HG
1134,813,Pink (Odd),1990,NA,NA,NA,HG
1135,814,Pink (Odd),1990,NA,NA,NA,HG
1136,815,Pink (Odd),1990,NA,NA,NA,HG
1137,816,River Sockeye,1990,NA,7,NA,HG
1138,817,River Sockeye,1990,NA,35,NA,HG
1139,818,River Sockeye,1990,NA,NA,NA,HG
1140,819,Lake Sockeye,1990,NA,NA,NA,HG
1141,820,Lake Sockeye,1990,200,100,250,HG
1142,821,Lake Sockeye,1990,NA,NA,NA,HG
1143,822,Lake Sockeye,1990,NA,NA,NA,HG
1144,823,Lake Sockeye,1990,200,100,250,HG
1145,824,Lake Sockeye,1990,400,200,500,HG
1146,825,Lake Sockeye,1990,NA,NA,NA,HG
1147,826,Lake Sockeye,1990,10000,5000,12500,HG
1148,827,Lake Sockeye,1990,NA,NA,NA,HG
1149,800,Chum,1991,NA,NA,NA,HG
1150,801,Chum,1991,188975,109490,335596,HG
1151,802,Chum,1991,1882,1000,4814,HG
1152,803,Chum,1991,92690,62664,134359,HG
1153,804,Chum,1991,164602,106525,292313,HG
1154,805,Chinook,1991,2850,1900,NA,HG
1155,806,Chinook,1991,NA,1,NA,HG
1156,807,Coho,1991,73324,17283,94328,HG
1157,808,Coho,1991,15161,1760,19504,HG
1158,809,Coho,1991,21305,13402,27408,HG
1159,810,Pink (Even),1991,NA,NA,NA,HG
1160,811,Pink (Even),1991,NA,NA,NA,HG
1161,812,Pink (Even),1991,NA,NA,NA,HG
1162,813,Pink (Odd),1991,23367,14071,23472,HG
1163,814,Pink (Odd),1991,NA,600,NA,HG
1164,815,Pink (Odd),1991,NA,435,NA,HG
1165,816,River Sockeye,1991,NA,2,NA,HG
1166,817,River Sockeye,1991,NA,1,NA,HG
1167,818,River Sockeye,1991,NA,NA,NA,HG
1168,819,Lake Sockeye,1991,NA,200,NA,HG
1169,820,Lake Sockeye,1991,2400,1200,3000,HG
1170,821,Lake Sockeye,1991,NA,600,NA,HG
1171,822,Lake Sockeye,1991,NA,50,NA,HG
1172,823,Lake Sockeye,1991,1400,700,1750,HG
1173,824,Lake Sockeye,1991,400,200,500,HG
1174,825,Lake Sockeye,1991,NA,NA,NA,HG
1175,826,Lake Sockeye,1991,6000,3000,7500,HG
1176,827,Lake Sockeye,1991,4500,2250,5625,HG
1177,800,Chum,1992,450,300,879,HG
1178,801,Chum,1992,121673,69981,191844,HG
1179,802,Chum,1992,9090,6000,17764,HG
1180,803,Chum,1992,43408,27536,53354,HG
1181,804,Chum,1992,110067,71548,173544,HG
1182,805,Chinook,1992,3000,2000,NA,HG
1183,806,Chinook,1992,NA,NA,NA,HG
1184,807,Coho,1992,97998,23402,121569,HG
1185,808,Coho,1992,19343,1684,23996,HG
1186,809,Coho,1992,35508,11395,44049,HG
1187,810,Pink (Even),1992,1483057,NA,1928340,HG
1188,811,Pink (Even),1992,1007377,654251,1030981,HG
1189,812,Pink (Even),1992,154969,100776,272704,HG
1190,813,Pink (Odd),1992,NA,NA,NA,HG
1191,814,Pink (Odd),1992,NA,NA,NA,HG
1192,815,Pink (Odd),1992,NA,NA,NA,HG
1193,816,River Sockeye,1992,NA,6,NA,HG
1194,817,River Sockeye,1992,NA,10,NA,HG
1195,818,River Sockeye,1992,NA,NA,NA,HG
1196,819,Lake Sockeye,1992,NA,NA,NA,HG
1197,820,Lake Sockeye,1992,9000,4500,11250,HG
1198,821,Lake Sockeye,1992,NA,250,NA,HG
1199,822,Lake Sockeye,1992,NA,200,NA,HG
1200,823,Lake Sockeye,1992,6000,3000,7500,HG
1201,824,Lake Sockeye,1992,1000,500,1250,HG
1202,825,Lake Sockeye,1992,NA,NA,NA,HG
1203,826,Lake Sockeye,1992,10440,5220,13050,HG
1204,827,Lake Sockeye,1992,8800,4400,11000,HG
1205,800,Chum,1993,NA,NA,NA,HG
1206,801,Chum,1993,122456,89789,180565,HG
1207,802,Chum,1993,75844,50060,99544,HG
1208,803,Chum,1993,118554,74983,172472,HG
1209,804,Chum,1993,127922,85326,188625,HG
1210,805,Chinook,1993,1500,1000,NA,HG
1211,806,Chinook,1993,NA,NA,NA,HG
1212,807,Coho,1993,51640,13740,63479,HG
1213,808,Coho,1993,33458,1939,41129,HG
1214,809,Coho,1993,25566,4920,31427,HG
1215,810,Pink (Even),1993,NA,NA,NA,HG
1216,811,Pink (Even),1993,NA,NA,NA,HG
1217,812,Pink (Even),1993,NA,NA,NA,HG
1218,813,Pink (Odd),1993,26448,18139,26606,HG
1219,814,Pink (Odd),1993,NA,350,NA,HG
1220,815,Pink (Odd),1993,NA,223,NA,HG
1221,816,River Sockeye,1993,NA,2,NA,HG
1222,817,River Sockeye,1993,NA,NA,NA,HG
1223,818,River Sockeye,1993,NA,NA,NA,HG
1224,819,Lake Sockeye,1993,NA,NA,NA,HG
1225,820,Lake Sockeye,1993,1000,500,1250,HG
1226,821,Lake Sockeye,1993,NA,60,NA,HG
1227,822,Lake Sockeye,1993,NA,NA,NA,HG
1228,823,Lake Sockeye,1993,NA,NA,NA,HG
1229,824,Lake Sockeye,1993,400,200,500,HG
1230,825,Lake Sockeye,1993,2000,1000,2500,HG
1231,826,Lake Sockeye,1993,20346,10173,25432,HG
1232,827,Lake Sockeye,1993,NA,NA,NA,HG
1233,800,Chum,1994,150,100,193,HG
1234,801,Chum,1994,234904,137553,340913,HG
1235,802,Chum,1994,48482,32050,62400,HG
1236,803,Chum,1994,64978,39542,80539,HG
1237,804,Chum,1994,71773,44885,104163,HG
1238,805,Chinook,1994,3000,2000,NA,HG
1239,806,Chinook,1994,NA,NA,NA,HG
1240,807,Coho,1994,44531,11246,57142,HG
1241,808,Coho,1994,20598,3014,26431,HG
1242,809,Coho,1994,213048,15015,273384,HG
1243,810,Pink (Even),1994,961015,NA,1038130,HG
1244,811,Pink (Even),1994,755703,501774,840502,HG
1245,812,Pink (Even),1994,152879,100195,193655,HG
1246,813,Pink (Odd),1994,NA,NA,NA,HG
1247,814,Pink (Odd),1994,NA,NA,NA,HG
1248,815,Pink (Odd),1994,NA,NA,NA,HG
1249,816,River Sockeye,1994,NA,2,NA,HG
1250,817,River Sockeye,1994,NA,39,NA,HG
1251,818,River Sockeye,1994,NA,NA,NA,HG
1252,819,Lake Sockeye,1994,NA,NA,NA,HG
1253,820,Lake Sockeye,1994,2400,1200,3000,HG
1254,821,Lake Sockeye,1994,NA,50,NA,HG
1255,822,Lake Sockeye,1994,NA,NA,NA,HG
1256,823,Lake Sockeye,1994,8000,4000,10000,HG
1257,824,Lake Sockeye,1994,NA,NA,NA,HG
1258,825,Lake Sockeye,1994,3000,1500,3750,HG
1259,826,Lake Sockeye,1994,4000,2000,5000,HG
1260,827,Lake Sockeye,1994,7000,3500,8750,HG
1261,800,Chum,1995,45,30,81,HG
1262,801,Chum,1995,192712,109945,212641,HG
1263,802,Chum,1995,29998,19825,53882,HG
1264,803,Chum,1995,72672,45591,86390,HG
1265,804,Chum,1995,98203,61388,108358,HG
1266,805,Chinook,1995,2250,1500,NA,HG
1267,806,Chinook,1995,NA,1,NA,HG
1268,807,Coho,1995,39590,11705,47203,HG
1269,808,Coho,1995,8260,1079,9848,HG
1270,809,Coho,1995,17044,1600,20321,HG
1271,810,Pink (Even),1995,NA,NA,NA,HG
1272,811,Pink (Even),1995,NA,NA,NA,HG
1273,812,Pink (Even),1995,NA,NA,NA,HG
1274,813,Pink (Odd),1995,6841,3844,6868,HG
1275,814,Pink (Odd),1995,NA,1000,NA,HG
1276,815,Pink (Odd),1995,NA,93,NA,HG
1277,816,River Sockeye,1995,NA,4,NA,HG
1278,817,River Sockeye,1995,NA,11,NA,HG
1279,818,River Sockeye,1995,NA,NA,NA,HG
1280,819,Lake Sockeye,1995,NA,NA,NA,HG
1281,820,Lake Sockeye,1995,3000,1500,3750,HG
1282,821,Lake Sockeye,1995,NA,500,NA,HG
1283,822,Lake Sockeye,1995,NA,100,NA,HG
1284,823,Lake Sockeye,1995,3000,1500,3750,HG
1285,824,Lake Sockeye,1995,NA,NA,NA,HG
1286,825,Lake Sockeye,1995,3600,1800,4500,HG
1287,826,Lake Sockeye,1995,2400,1200,3000,HG
1288,827,Lake Sockeye,1995,8000,4000,10000,HG
1289,800,Chum,1996,450,300,492,HG
1290,801,Chum,1996,213875,122534,288366,HG
1291,802,Chum,1996,9545,6425,10446,HG
1292,803,Chum,1996,48167,29880,48967,HG
1293,804,Chum,1996,144018,95925,194178,HG
1294,805,Chinook,1996,4500,3000,NA,HG
1295,806,Chinook,1996,NA,NA,NA,HG
1296,807,Coho,1996,34939,10810,47317,HG
1297,808,Coho,1996,25198,1508,34125,HG
1298,809,Coho,1996,59653,4810,80787,HG
1299,810,Pink (Even),1996,4417164,NA,4925891,HG
1300,811,Pink (Even),1996,919571,603427,940202,HG
1301,812,Pink (Even),1996,249679,156506,249679,HG
1302,813,Pink (Odd),1996,NA,NA,NA,HG
1303,814,Pink (Odd),1996,NA,NA,NA,HG
1304,815,Pink (Odd),1996,NA,NA,NA,HG
1305,816,River Sockeye,1996,NA,4,NA,HG
1306,817,River Sockeye,1996,NA,12,NA,HG
1307,818,River Sockeye,1996,NA,NA,NA,HG
1308,819,Lake Sockeye,1996,NA,300,NA,HG
1309,820,Lake Sockeye,1996,11000,5500,13750,HG
1310,821,Lake Sockeye,1996,NA,NA,NA,HG
1311,822,Lake Sockeye,1996,NA,NA,NA,HG
1312,823,Lake Sockeye,1996,6000,3000,7500,HG
1313,824,Lake Sockeye,1996,1000,500,1250,HG
1314,825,Lake Sockeye,1996,NA,NA,NA,HG
1315,826,Lake Sockeye,1996,31200,15600,39000,HG
1316,827,Lake Sockeye,1996,21000,10500,26250,HG
1317,800,Chum,1997,NA,NA,NA,HG
1318,801,Chum,1997,153701,91435,185100,HG
1319,802,Chum,1997,48213,31050,95046,HG
1320,803,Chum,1997,46553,27035,49965,HG
1321,804,Chum,1997,104116,65092,125386,HG
1322,805,Chinook,1997,3750,2500,NA,HG
1323,806,Chinook,1997,NA,NA,NA,HG
1324,807,Coho,1997,40777,9974,52457,HG
1325,808,Coho,1997,6086,370,7830,HG
1326,809,Coho,1997,21305,1705,27407,HG
1327,810,Pink (Even),1997,NA,NA,NA,HG
1328,811,Pink (Even),1997,NA,NA,NA,HG
1329,812,Pink (Even),1997,NA,NA,NA,HG
1330,813,Pink (Odd),1997,6227,3295,6415,HG
1331,814,Pink (Odd),1997,NA,NA,NA,HG
1332,815,Pink (Odd),1997,NA,40,NA,HG
1333,816,River Sockeye,1997,NA,4,NA,HG
1334,817,River Sockeye,1997,NA,20,NA,HG
1335,818,River Sockeye,1997,NA,NA,NA,HG
1336,819,Lake Sockeye,1997,NA,NA,NA,HG
1337,820,Lake Sockeye,1997,7000,3500,8750,HG
1338,821,Lake Sockeye,1997,NA,11,NA,HG
1339,822,Lake Sockeye,1997,NA,NA,NA,HG
1340,823,Lake Sockeye,1997,NA,NA,NA,HG
1341,824,Lake Sockeye,1997,1000,500,1250,HG
1342,825,Lake Sockeye,1997,NA,NA,NA,HG
1343,826,Lake Sockeye,1997,22920,11460,28650,HG
1344,827,Lake Sockeye,1997,17000,8500,21250,HG
1345,800,Chum,1998,NA,NA,NA,HG
1346,801,Chum,1998,206881,118050,260103,HG
1347,802,Chum,1998,49688,32100,52150,HG
1348,803,Chum,1998,135658,82976,152894,HG
1349,804,Chum,1998,189592,133332,238366,HG
1350,805,Chinook,1998,4500,3000,NA,HG
1351,806,Chinook,1998,NA,NA,NA,HG
1352,807,Coho,1998,88223,29852,92166,HG
1353,808,Coho,1998,29694,3233,31021,HG
1354,809,Coho,1998,113626,47238,118703,HG
1355,810,Pink (Even),1998,1132489,NA,1201654,HG
1356,811,Pink (Even),1998,825195,524346,974999,HG
1357,812,Pink (Even),1998,356388,216145,833241,HG
1358,813,Pink (Odd),1998,NA,NA,NA,HG
1359,814,Pink (Odd),1998,NA,NA,NA,HG
1360,815,Pink (Odd),1998,NA,NA,NA,HG
1361,816,River Sockeye,1998,NA,6,NA,HG
1362,817,River Sockeye,1998,NA,22,NA,HG
1363,818,River Sockeye,1998,NA,NA,NA,HG
1364,819,Lake Sockeye,1998,NA,NA,NA,HG
1365,820,Lake Sockeye,1998,8000,4000,10000,HG
1366,821,Lake Sockeye,1998,NA,400,NA,HG
1367,822,Lake Sockeye,1998,NA,NA,NA,HG
1368,823,Lake Sockeye,1998,10000,5000,12500,HG
1369,824,Lake Sockeye,1998,NA,NA,NA,HG
1370,825,Lake Sockeye,1998,8000,4000,10000,HG
1371,826,Lake Sockeye,1998,24000,12000,30000,HG
1372,827,Lake Sockeye,1998,10000,5000,12500,HG
1373,800,Chum,1999,NA,NA,NA,HG
1374,801,Chum,1999,193474,97711,245221,HG
1375,802,Chum,1999,51240,33000,52430,HG
1376,803,Chum,1999,168372,95832,196303,HG
1377,804,Chum,1999,193329,123137,245037,HG
1378,805,Chinook,1999,4800,3200,NA,HG
1379,806,Chinook,1999,NA,NA,NA,HG
1380,807,Coho,1999,89436,24570,91390,HG
1381,808,Coho,1999,21434,4162,21903,HG
1382,809,Coho,1999,71527,33916,73091,HG
1383,810,Pink (Even),1999,NA,NA,NA,HG
1384,811,Pink (Even),1999,NA,NA,NA,HG
1385,812,Pink (Even),1999,NA,NA,NA,HG
1386,813,Pink (Odd),1999,6396,2588,6396,HG
1387,814,Pink (Odd),1999,NA,2700,NA,HG
1388,815,Pink (Odd),1999,NA,395,NA,HG
1389,816,River Sockeye,1999,NA,NA,NA,HG
1390,817,River Sockeye,1999,NA,5,NA,HG
1391,818,River Sockeye,1999,NA,NA,NA,HG
1392,819,Lake Sockeye,1999,NA,50,NA,HG
1393,820,Lake Sockeye,1999,8000,4000,10000,HG
1394,821,Lake Sockeye,1999,NA,800,NA,HG
1395,822,Lake Sockeye,1999,NA,NA,NA,HG
1396,823,Lake Sockeye,1999,8000,4000,10000,HG
1397,824,Lake Sockeye,1999,NA,NA,NA,HG
1398,825,Lake Sockeye,1999,6000,3000,7500,HG
1399,826,Lake Sockeye,1999,20000,10000,25000,HG
1400,827,Lake Sockeye,1999,15000,7500,18750,HG
1401,800,Chum,2000,2250,1500,2280,HG
1402,801,Chum,2000,205259,102617,264083,HG
1403,802,Chum,2000,17626,12020,17857,HG
1404,803,Chum,2000,108369,63611,135095,HG
1405,804,Chum,2000,75314,49336,96898,HG
1406,805,Chinook,2000,5400,3600,NA,HG
1407,806,Chinook,2000,NA,2,NA,HG
1408,807,Coho,2000,38452,11344,38452,HG
1409,808,Coho,2000,33772,5074,33772,HG
1410,809,Coho,2000,147841,33373,147841,HG
1411,810,Pink (Even),2000,736793,NA,737354,HG
1412,811,Pink (Even),2000,453641,281695,468051,HG
1413,812,Pink (Even),2000,482633,311122,987121,HG
1414,813,Pink (Odd),2000,NA,NA,NA,HG
1415,814,Pink (Odd),2000,NA,NA,NA,HG
1416,815,Pink (Odd),2000,NA,NA,NA,HG
1417,816,River Sockeye,2000,NA,7,NA,HG
1418,817,River Sockeye,2000,NA,3,NA,HG
1419,818,River Sockeye,2000,NA,NA,NA,HG
1420,819,Lake Sockeye,2000,NA,200,NA,HG
1421,820,Lake Sockeye,2000,9000,4500,11250,HG
1422,821,Lake Sockeye,2000,NA,1200,NA,HG
1423,822,Lake Sockeye,2000,NA,NA,NA,HG
1424,823,Lake Sockeye,2000,13000,6500,16250,HG
1425,824,Lake Sockeye,2000,NA,NA,NA,HG
1426,825,Lake Sockeye,2000,6000,3000,7500,HG
1427,826,Lake Sockeye,2000,12500,12500,15625,HG
1428,827,Lake Sockeye,2000,16000,8000,20000,HG
1429,800,Chum,2001,NA,NA,NA,HG
1430,801,Chum,2001,204575,99181,204771,HG
1431,802,Chum,2001,5980,3804,5980,HG
1432,803,Chum,2001,76301,40031,76348,HG
1433,804,Chum,2001,77760,47987,77834,HG
1434,805,Chinook,2001,NA,NA,NA,HG
1435,806,Chinook,2001,NA,NA,NA,HG
1436,807,Coho,2001,130686,26001,130826,HG
1437,808,Coho,2001,61231,6969,61297,HG
1438,809,Coho,2001,76442,12416,76524,HG
1439,810,Pink (Even),2001,NA,NA,NA,HG
1440,811,Pink (Even),2001,NA,NA,NA,HG
1441,812,Pink (Even),2001,NA,NA,NA,HG
1442,813,Pink (Odd),2001,13846,6872,13846,HG
1443,814,Pink (Odd),2001,NA,NA,NA,HG
1444,815,Pink (Odd),2001,NA,59,NA,HG
1445,816,River Sockeye,2001,NA,NA,NA,HG
1446,817,River Sockeye,2001,NA,NA,NA,HG
1447,818,River Sockeye,2001,NA,NA,NA,HG
1448,819,Lake Sockeye,2001,NA,NA,NA,HG
1449,820,Lake Sockeye,2001,2000,1000,2500,HG
1450,821,Lake Sockeye,2001,NA,NA,NA,HG
1451,822,Lake Sockeye,2001,NA,NA,NA,HG
1452,823,Lake Sockeye,2001,800,400,1000,HG
1453,824,Lake Sockeye,2001,NA,NA,NA,HG
1454,825,Lake Sockeye,2001,5000,2500,6250,HG
1455,826,Lake Sockeye,2001,12948,12948,16185,HG
1456,827,Lake Sockeye,2001,5000,2500,6250,HG
1457,800,Chum,2002,750,500,751,HG
1458,801,Chum,2002,137633,73205,142912,HG
1459,802,Chum,2002,11181,6500,11196,HG
1460,803,Chum,2002,119037,65527,120265,HG
1461,804,Chum,2002,53286,35614,55330,HG
1462,805,Chinook,2002,5250,3500,NA,HG
1463,806,Chinook,2002,NA,2,NA,HG
1464,807,Coho,2002,116651,21517,116651,HG
1465,808,Coho,2002,45871,10571,45871,HG
1466,809,Coho,2002,NA,13744,NA,HG
1467,810,Pink (Even),2002,1504019,NA,1504019,HG
1468,811,Pink (Even),2002,634258,409189,655020,HG
1469,812,Pink (Even),2002,377616,269450,399205,HG
1470,813,Pink (Odd),2002,NA,NA,NA,HG
1471,814,Pink (Odd),2002,NA,NA,NA,HG
1472,815,Pink (Odd),2002,NA,NA,NA,HG
1473,816,River Sockeye,2002,NA,2,NA,HG
1474,817,River Sockeye,2002,NA,12,NA,HG
1475,818,River Sockeye,2002,NA,NA,NA,HG
1476,819,Lake Sockeye,2002,NA,200,NA,HG
1477,820,Lake Sockeye,2002,9600,4800,12000,HG
1478,821,Lake Sockeye,2002,NA,NA,NA,HG
1479,822,Lake Sockeye,2002,NA,NA,NA,HG
1480,823,Lake Sockeye,2002,1600,800,2000,HG
1481,824,Lake Sockeye,2002,400,400,500,HG
1482,825,Lake Sockeye,2002,3000,1500,3750,HG
1483,826,Lake Sockeye,2002,11000,11000,13750,HG
1484,827,Lake Sockeye,2002,8100,4050,10125,HG
1485,800,Chum,2003,750,500,750,HG
1486,801,Chum,2003,162870,84400,167581,HG
1487,802,Chum,2003,52720,33581,52720,HG
1488,803,Chum,2003,101342,65261,101394,HG
1489,804,Chum,2003,56016,35341,57637,HG
1490,805,Chinook,2003,6000,4000,NA,HG
1491,806,Chinook,2003,NA,NA,NA,HG
1492,807,Coho,2003,84926,12936,89525,HG
1493,808,Coho,2003,38686,4414,40781,HG
1494,809,Coho,2003,NA,3008,NA,HG
1495,810,Pink (Even),2003,NA,NA,NA,HG
1496,811,Pink (Even),2003,NA,NA,NA,HG
1497,812,Pink (Even),2003,NA,NA,NA,HG
1498,813,Pink (Odd),2003,11920,153,11920,HG
1499,814,Pink (Odd),2003,NA,NA,NA,HG
1500,815,Pink (Odd),2003,NA,18,NA,HG
1501,816,River Sockeye,2003,NA,NA,NA,HG
1502,817,River Sockeye,2003,NA,NA,NA,HG
1503,818,River Sockeye,2003,NA,NA,NA,HG
1504,819,Lake Sockeye,2003,NA,NA,NA,HG
1505,820,Lake Sockeye,2003,6000,3000,7500,HG
1506,821,Lake Sockeye,2003,NA,NA,NA,HG
1507,822,Lake Sockeye,2003,NA,NA,NA,HG
1508,823,Lake Sockeye,2003,3000,1500,3750,HG
1509,824,Lake Sockeye,2003,NA,NA,NA,HG
1510,825,Lake Sockeye,2003,7000,3500,8750,HG
1511,826,Lake Sockeye,2003,10000,10000,12500,HG
1512,827,Lake Sockeye,2003,6000,3000,7500,HG
1513,800,Chum,2004,1050,700,1050,HG
1514,801,Chum,2004,202716,92425,202716,HG
1515,802,Chum,2004,5193,3300,5193,HG
1516,803,Chum,2004,143422,59015,152698,HG
1517,804,Chum,2004,59666,39635,59666,HG
1518,805,Chinook,2004,NA,NA,NA,HG
1519,806,Chinook,2004,NA,NA,NA,HG
1520,807,Coho,2004,66240,8446,150182,HG
1521,808,Coho,2004,NA,NA,NA,HG
1522,809,Coho,2004,NA,719,NA,HG
1523,810,Pink (Even),2004,305669,NA,305669,HG
1524,811,Pink (Even),2004,384839,214965,384839,HG
1525,812,Pink (Even),2004,53071,22780,80648,HG
1526,813,Pink (Odd),2004,NA,NA,NA,HG
1527,814,Pink (Odd),2004,NA,NA,NA,HG
1528,815,Pink (Odd),2004,NA,NA,NA,HG
1529,816,River Sockeye,2004,NA,NA,NA,HG
1530,817,River Sockeye,2004,NA,6,NA,HG
1531,818,River Sockeye,2004,NA,NA,NA,HG
1532,819,Lake Sockeye,2004,NA,NA,NA,HG
1533,820,Lake Sockeye,2004,4000,2000,5000,HG
1534,821,Lake Sockeye,2004,NA,NA,NA,HG
1535,822,Lake Sockeye,2004,NA,NA,NA,HG
1536,823,Lake Sockeye,2004,5000,2500,6250,HG
1537,824,Lake Sockeye,2004,NA,NA,NA,HG
1538,825,Lake Sockeye,2004,2000,1000,2500,HG
1539,826,Lake Sockeye,2004,11712,11712,14640,HG
1540,827,Lake Sockeye,2004,11000,5500,13750,HG
1541,800,Chum,2005,225,150,225,HG
1542,801,Chum,2005,174060,89149,191541,HG
1543,802,Chum,2005,3359,1500,3359,HG
1544,803,Chum,2005,150919,68120,233640,HG
1545,804,Chum,2005,35016,19040,38532,HG
1546,805,Chinook,2005,7500,5000,NA,HG
1547,806,Chinook,2005,NA,NA,NA,HG
1548,807,Coho,2005,54962,7704,147544,HG
1549,808,Coho,2005,20908,1450,56128,HG
1550,809,Coho,2005,95971,8257,257632,HG
1551,810,Pink (Even),2005,NA,NA,NA,HG
1552,811,Pink (Even),2005,NA,NA,NA,HG
1553,812,Pink (Even),2005,NA,NA,NA,HG
1554,813,Pink (Odd),2005,222186,70064,222186,HG
1555,814,Pink (Odd),2005,NA,NA,NA,HG
1556,815,Pink (Odd),2005,NA,30,NA,HG
1557,816,River Sockeye,2005,NA,NA,NA,HG
1558,817,River Sockeye,2005,NA,NA,NA,HG
1559,818,River Sockeye,2005,NA,NA,NA,HG
1560,819,Lake Sockeye,2005,NA,NA,NA,HG
1561,820,Lake Sockeye,2005,7000,3500,8750,HG
1562,821,Lake Sockeye,2005,NA,NA,NA,HG
1563,822,Lake Sockeye,2005,NA,NA,NA,HG
1564,823,Lake Sockeye,2005,NA,NA,NA,HG
1565,824,Lake Sockeye,2005,500,500,625,HG
1566,825,Lake Sockeye,2005,6000,3000,7500,HG
1567,826,Lake Sockeye,2005,3932,3932,4915,HG
1568,827,Lake Sockeye,2005,3000,1500,3750,HG
1569,800,Chum,2006,1200,800,1238,HG
1570,801,Chum,2006,165972,86404,181573,HG
1571,802,Chum,2006,27540,17500,28422,HG
1572,803,Chum,2006,86937,56545,102782,HG
1573,804,Chum,2006,43901,24675,48028,HG
1574,805,Chinook,2006,7500,5000,NA,HG
1575,806,Chinook,2006,NA,NA,NA,HG
1576,807,Coho,2006,86221,9333,108618,HG
1577,808,Coho,2006,NA,800,NA,HG
1578,809,Coho,2006,163663,11523,206176,HG
1579,810,Pink (Even),2006,375914,NA,375987,HG
1580,811,Pink (Even),2006,288411,186218,323492,HG
1581,812,Pink (Even),2006,32469,15610,32469,HG
1582,813,Pink (Odd),2006,NA,NA,NA,HG
1583,814,Pink (Odd),2006,NA,NA,NA,HG
1584,815,Pink (Odd),2006,NA,NA,NA,HG
1585,816,River Sockeye,2006,NA,NA,NA,HG
1586,817,River Sockeye,2006,NA,NA,NA,HG
1587,818,River Sockeye,2006,NA,NA,NA,HG
1588,819,Lake Sockeye,2006,NA,2000,NA,HG
1589,820,Lake Sockeye,2006,24000,12000,30000,HG
1590,821,Lake Sockeye,2006,NA,NA,NA,HG
1591,822,Lake Sockeye,2006,NA,NA,NA,HG
1592,823,Lake Sockeye,2006,6400,3200,8000,HG
1593,824,Lake Sockeye,2006,4500,4500,5625,HG
1594,825,Lake Sockeye,2006,6000,3000,7500,HG
1595,826,Lake Sockeye,2006,9549,9549,11936,HG
1596,827,Lake Sockeye,2006,20000,10000,25000,HG
1597,800,Chum,2007,300,200,300,HG
1598,801,Chum,2007,15651,7896,15651,HG
1599,802,Chum,2007,29579,1750,29579,HG
1600,803,Chum,2007,90709,42110,90709,HG
1601,804,Chum,2007,28892,16060,28892,HG
1602,805,Chinook,2007,NA,NA,NA,HG
1603,806,Chinook,2007,NA,NA,NA,HG
1604,807,Coho,2007,66829,3410,82107,HG
1605,808,Coho,2007,NA,NA,NA,HG
1606,809,Coho,2007,131124,9232,161100,HG
1607,810,Pink (Even),2007,NA,NA,NA,HG
1608,811,Pink (Even),2007,NA,NA,NA,HG
1609,812,Pink (Even),2007,NA,NA,NA,HG
1610,813,Pink (Odd),2007,75283,36871,75283,HG
1611,814,Pink (Odd),2007,NA,NA,NA,HG
1612,815,Pink (Odd),2007,NA,NA,NA,HG
1613,816,River Sockeye,2007,NA,NA,NA,HG
1614,817,River Sockeye,2007,NA,NA,NA,HG
1615,818,River Sockeye,2007,NA,NA,NA,HG
1616,819,Lake Sockeye,2007,NA,1500,NA,HG
1617,820,Lake Sockeye,2007,7000,3500,8750,HG
1618,821,Lake Sockeye,2007,NA,NA,NA,HG
1619,822,Lake Sockeye,2007,NA,NA,NA,HG
1620,823,Lake Sockeye,2007,NA,NA,NA,HG
1621,824,Lake Sockeye,2007,NA,NA,NA,HG
1622,825,Lake Sockeye,2007,5000,2500,6250,HG
1623,826,Lake Sockeye,2007,5116,5116,6395,HG
1624,827,Lake Sockeye,2007,7000,3500,8750,HG
1625,800,Chum,2008,900,600,900,HG
1626,801,Chum,2008,116925,51480,119333,HG
1627,802,Chum,2008,NA,NA,NA,HG
1628,803,Chum,2008,78754,32400,78754,HG
1629,804,Chum,2008,67458,38650,68848,HG
1630,805,Chinook,2008,NA,NA,NA,HG
1631,806,Chinook,2008,NA,NA,NA,HG
1632,807,Coho,2008,39058,4763,47987,HG
1633,808,Coho,2008,16729,405,20554,HG
1634,809,Coho,2008,73033,5142,89729,HG
1635,810,Pink (Even),2008,916824,NA,916824,HG
1636,811,Pink (Even),2008,471187,248173,471187,HG
1637,812,Pink (Even),2008,80936,44240,80936,HG
1638,813,Pink (Odd),2008,NA,NA,NA,HG
1639,814,Pink (Odd),2008,NA,NA,NA,HG
1640,815,Pink (Odd),2008,NA,NA,NA,HG
1641,816,River Sockeye,2008,NA,NA,NA,HG
1642,817,River Sockeye,2008,NA,NA,NA,HG
1643,818,River Sockeye,2008,NA,NA,NA,HG
1644,819,Lake Sockeye,2008,NA,NA,NA,HG
1645,820,Lake Sockeye,2008,7000,3500,8750,HG
1646,821,Lake Sockeye,2008,NA,NA,NA,HG
1647,822,Lake Sockeye,2008,NA,NA,NA,HG
1648,823,Lake Sockeye,2008,5000,2500,6250,HG
1649,824,Lake Sockeye,2008,NA,NA,NA,HG
1650,825,Lake Sockeye,2008,3000,1500,3750,HG
1651,826,Lake Sockeye,2008,8212,8212,10265,HG
1652,827,Lake Sockeye,2008,6200,3100,7750,HG
1653,800,Chum,2009,30,20,30,HG
1654,801,Chum,2009,187329,93868,187329,HG
1655,802,Chum,2009,55867,35500,55867,HG
1656,803,Chum,2009,67178,38850,67178,HG
1657,804,Chum,2009,78326,45900,78326,HG
1658,805,Chinook,2009,NA,NA,NA,HG
1659,806,Chinook,2009,NA,NA,NA,HG
1660,807,Coho,2009,87736,10258,105193,HG
1661,808,Coho,2009,99329,1055,119093,HG
1662,809,Coho,2009,224922,15836,269675,HG
1663,810,Pink (Even),2009,NA,NA,NA,HG
1664,811,Pink (Even),2009,NA,NA,NA,HG
1665,812,Pink (Even),2009,NA,NA,NA,HG
1666,813,Pink (Odd),2009,64287,31423,64287,HG
1667,814,Pink (Odd),2009,NA,NA,NA,HG
1668,815,Pink (Odd),2009,NA,10,NA,HG
1669,816,River Sockeye,2009,NA,NA,NA,HG
1670,817,River Sockeye,2009,NA,NA,NA,HG
1671,818,River Sockeye,2009,NA,NA,NA,HG
1672,819,Lake Sockeye,2009,NA,NA,NA,HG
1673,820,Lake Sockeye,2009,10000,5000,12500,HG
1674,821,Lake Sockeye,2009,NA,NA,NA,HG
1675,822,Lake Sockeye,2009,NA,NA,NA,HG
1676,823,Lake Sockeye,2009,NA,NA,NA,HG
1677,824,Lake Sockeye,2009,NA,NA,NA,HG
1678,825,Lake Sockeye,2009,NA,NA,NA,HG
1679,826,Lake Sockeye,2009,13463,13463,16829,HG
1680,827,Lake Sockeye,2009,5000,2500,6250,HG
1681,800,Chum,2010,300,200,300,HG
1682,801,Chum,2010,77497,36168,83377,HG
1683,802,Chum,2010,NA,NA,NA,HG
1684,803,Chum,2010,145134,57225,145134,HG
1685,804,Chum,2010,39031,7500,41993,HG
1686,805,Chinook,2010,NA,NA,NA,HG
1687,806,Chinook,2010,NA,NA,NA,HG
1688,807,Coho,2010,85038,9760,116880,HG
1689,808,Coho,2010,NA,NA,NA,HG
1690,809,Coho,2010,115500,8132,158749,HG
1691,810,Pink (Even),2010,1836996,NA,2024996,HG
1692,811,Pink (Even),2010,1412639,826878,1663602,HG
1693,812,Pink (Even),2010,679189,325940,693196,HG
1694,813,Pink (Odd),2010,NA,NA,NA,HG
1695,814,Pink (Odd),2010,NA,NA,NA,HG
1696,815,Pink (Odd),2010,NA,NA,NA,HG
1697,816,River Sockeye,2010,NA,30,NA,HG
1698,817,River Sockeye,2010,NA,NA,NA,HG
1699,818,River Sockeye,2010,NA,25,NA,HG
1700,819,Lake Sockeye,2010,NA,NA,NA,HG
1701,820,Lake Sockeye,2010,14000,7000,17500,HG
1702,821,Lake Sockeye,2010,NA,NA,NA,HG
1703,822,Lake Sockeye,2010,NA,NA,NA,HG
1704,823,Lake Sockeye,2010,9000,4500,11250,HG
1705,824,Lake Sockeye,2010,800,800,1000,HG
1706,825,Lake Sockeye,2010,10000,5000,12500,HG
1707,826,Lake Sockeye,2010,17825,17825,22281,HG
1708,827,Lake Sockeye,2010,13000,6500,16250,HG
1709,800,Chum,2011,NA,NA,NA,HG
1710,801,Chum,2011,30050,15895,30050,HG
1711,802,Chum,2011,40362,25400,40362,HG
1712,803,Chum,2011,117012,50275,117012,HG
1713,804,Chum,2011,59423,32700,59423,HG
1714,805,Chinook,2011,NA,NA,NA,HG
1715,806,Chinook,2011,NA,NA,NA,HG
1716,807,Coho,2011,121241,15549,132968,HG
1717,808,Coho,2011,NA,320,NA,HG
1718,809,Coho,2011,62878,4427,68959,HG
1719,810,Pink (Even),2011,NA,NA,NA,HG
1720,811,Pink (Even),2011,NA,NA,NA,HG
1721,812,Pink (Even),2011,NA,NA,NA,HG
1722,813,Pink (Odd),2011,144435,68745,144435,HG
1723,814,Pink (Odd),2011,NA,NA,NA,HG
1724,815,Pink (Odd),2011,NA,NA,NA,HG
1725,816,River Sockeye,2011,NA,NA,NA,HG
1726,817,River Sockeye,2011,NA,NA,NA,HG
1727,818,River Sockeye,2011,NA,NA,NA,HG
1728,819,Lake Sockeye,2011,NA,NA,NA,HG
1729,820,Lake Sockeye,2011,6000,3000,7500,HG
1730,821,Lake Sockeye,2011,NA,NA,NA,HG
1731,822,Lake Sockeye,2011,NA,NA,NA,HG
1732,823,Lake Sockeye,2011,NA,NA,NA,HG
1733,824,Lake Sockeye,2011,NA,NA,NA,HG
1734,825,Lake Sockeye,2011,NA,NA,NA,HG
1735,826,Lake Sockeye,2011,31226,31226,39032,HG
1736,827,Lake Sockeye,2011,8000,4000,10000,HG
1737,800,Chum,2012,NA,NA,NA,HG
1738,801,Chum,2012,115891,56750,115891,HG
1739,802,Chum,2012,6000,4000,6000,HG
1740,803,Chum,2012,154144,88330,154144,HG
1741,804,Chum,2012,78290,45094,78290,HG
1742,805,Chinook,2012,NA,NA,NA,HG
1743,806,Chinook,2012,NA,NA,NA,HG
1744,807,Coho,2012,29468,2038,34032,HG
1745,808,Coho,2012,NA,120,NA,HG
1746,809,Coho,2012,115046,8100,132865,HG
1747,810,Pink (Even),2012,281391,NA,281391,HG
1748,811,Pink (Even),2012,1416529,880022,1635493,HG
1749,812,Pink (Even),2012,512519,295225,512519,HG
1750,813,Pink (Odd),2012,NA,NA,NA,HG
1751,814,Pink (Odd),2012,NA,NA,NA,HG
1752,815,Pink (Odd),2012,NA,NA,NA,HG
1753,816,River Sockeye,2012,NA,NA,NA,HG
1754,817,River Sockeye,2012,NA,NA,NA,HG
1755,818,River Sockeye,2012,NA,NA,NA,HG
1756,819,Lake Sockeye,2012,NA,150,NA,HG
1757,820,Lake Sockeye,2012,4800,2400,6000,HG
1758,821,Lake Sockeye,2012,NA,NA,NA,HG
1759,822,Lake Sockeye,2012,NA,NA,NA,HG
1760,823,Lake Sockeye,2012,24000,12000,30000,HG
1761,824,Lake Sockeye,2012,NA,NA,NA,HG
1762,825,Lake Sockeye,2012,10000,5000,12500,HG
1763,826,Lake Sockeye,2012,10122,10122,12652,HG
1764,827,Lake Sockeye,2012,9000,4500,11250,HG
1765,800,Chum,2013,NA,NA,NA,HG
1766,801,Chum,2013,84197,40606,84197,HG
1767,802,Chum,2013,NA,NA,NA,HG
1768,803,Chum,2013,64365,25900,64365,HG
1769,804,Chum,2013,35556,23450,35556,HG
1770,805,Chinook,2013,NA,NA,NA,HG
1771,806,Chinook,2013,NA,NA,NA,HG
1772,807,Coho,2013,66495,7300,81095,HG
1773,808,Coho,2013,NA,120,NA,HG
1774,809,Coho,2013,NA,NA,NA,HG
1775,810,Pink (Even),2013,NA,NA,NA,HG
1776,811,Pink (Even),2013,NA,NA,NA,HG
1777,812,Pink (Even),2013,NA,NA,NA,HG
1778,813,Pink (Odd),2013,77908,1000,77908,HG
1779,814,Pink (Odd),2013,NA,NA,NA,HG
1780,815,Pink (Odd),2013,NA,20,NA,HG
1781,816,River Sockeye,2013,NA,NA,NA,HG
1782,817,River Sockeye,2013,NA,NA,NA,HG
1783,818,River Sockeye,2013,NA,NA,NA,HG
1784,819,Lake Sockeye,2013,NA,NA,NA,HG
1785,820,Lake Sockeye,2013,6400,3200,8000,HG
1786,821,Lake Sockeye,2013,NA,NA,NA,HG
1787,822,Lake Sockeye,2013,NA,NA,NA,HG
1788,823,Lake Sockeye,2013,9200,4600,11500,HG
1789,824,Lake Sockeye,2013,NA,NA,NA,HG
1790,825,Lake Sockeye,2013,14000,7000,17500,HG
1791,826,Lake Sockeye,2013,9000,9000,11250,HG
1792,827,Lake Sockeye,2013,2400,1200,3000,HG
1793,800,Chum,2014,NA,NA,NA,HG
1794,801,Chum,2014,NA,NA,NA,HG
1795,802,Chum,2014,NA,NA,NA,HG
1796,803,Chum,2014,75437,11545,75437,HG
1797,804,Chum,2014,30108,19040,30108,HG
1798,805,Chinook,2014,NA,NA,NA,HG
1799,806,Chinook,2014,NA,NA,NA,HG
1800,807,Coho,2014,78830,5450,95629,HG
1801,808,Coho,2014,NA,NA,NA,HG
1802,809,Coho,2014,NA,NA,NA,HG
1803,810,Pink (Even),2014,NA,NA,NA,HG
1804,811,Pink (Even),2014,1578813,5250,1578813,HG
1805,812,Pink (Even),2014,93094,35200,93094,HG
1806,813,Pink (Odd),2014,NA,NA,NA,HG
1807,814,Pink (Odd),2014,NA,NA,NA,HG
1808,815,Pink (Odd),2014,NA,NA,NA,HG
1809,816,River Sockeye,2014,NA,NA,NA,HG
1810,817,River Sockeye,2014,NA,NA,NA,HG
1811,818,River Sockeye,2014,NA,NA,NA,HG
1812,819,Lake Sockeye,2014,NA,NA,NA,HG
1813,820,Lake Sockeye,2014,11200,5600,14000,HG
1814,821,Lake Sockeye,2014,NA,NA,NA,HG
1815,822,Lake Sockeye,2014,NA,NA,NA,HG
1816,823,Lake Sockeye,2014,13200,6600,16500,HG
1817,824,Lake Sockeye,2014,4500,4500,5625,HG
1818,825,Lake Sockeye,2014,4000,2000,5000,HG
1819,826,Lake Sockeye,2014,18600,18600,23250,HG
1820,827,Lake Sockeye,2014,15200,7600,19000,HG
1821,800,Chum,2015,NA,NA,NA,HG
1822,801,Chum,2015,103307,57259,143281,HG
1823,802,Chum,2015,7151,4500,NA,HG
1824,803,Chum,2015,126107,45100,NA,HG
1825,804,Chum,2015,71906,41820,99729,HG
1826,805,Chinook,2015,NA,NA,NA,HG
1827,806,Chinook,2015,NA,NA,NA,HG
1828,807,Coho,2015,100206,12730,100206,HG
1829,808,Coho,2015,29582,100,29582,HG
1830,809,Coho,2015,191743,13500,NA,HG
1831,810,Pink (Even),2015,NA,NA,NA,HG
1832,811,Pink (Even),2015,NA,NA,NA,HG
1833,812,Pink (Even),2015,NA,NA,NA,HG
1834,813,Pink (Odd),2015,72468,13502,NA,HG
1835,814,Pink (Odd),2015,NA,NA,NA,HG
1836,815,Pink (Odd),2015,NA,NA,NA,HG
1837,816,River Sockeye,2015,NA,NA,NA,HG
1838,817,River Sockeye,2015,NA,NA,NA,HG
1839,818,River Sockeye,2015,NA,NA,NA,HG
1840,819,Lake Sockeye,2015,NA,NA,NA,HG
1841,820,Lake Sockeye,2015,6600,3300,8250,HG
1842,821,Lake Sockeye,2015,NA,NA,NA,HG
1843,822,Lake Sockeye,2015,NA,NA,NA,HG
1844,823,Lake Sockeye,2015,16000,8000,20000,HG
1845,824,Lake Sockeye,2015,1000,1000,1250,HG
1846,825,Lake Sockeye,2015,4000,2000,5000,HG
1847,826,Lake Sockeye,2015,25500,25500,31875,HG
1848,827,Lake Sockeye,2015,6400,3200,8000,HG
1849,800,Chum,2016,NA,NA,NA,HG
1850,801,Chum,2016,80111,41117,NA,HG
1851,802,Chum,2016,9852,6200,NA,HG
1852,803,Chum,2016,74751,33310,NA,HG
1853,804,Chum,2016,30308,18390,NA,HG
1854,805,Chinook,2016,NA,NA,NA,HG
1855,806,Chinook,2016,NA,NA,NA,HG
1856,807,Coho,2016,46048,4585,46048,HG
1857,808,Coho,2016,NA,10,NA,HG
1858,809,Coho,2016,198845,14000,198845,HG
1859,810,Pink (Even),2016,414318,NA,NA,HG
1860,811,Pink (Even),2016,262448,134317,NA,HG
1861,812,Pink (Even),2016,3823,2400,NA,HG
1862,813,Pink (Odd),2016,NA,NA,NA,HG
1863,814,Pink (Odd),2016,NA,NA,NA,HG
1864,815,Pink (Odd),2016,NA,NA,NA,HG
1865,816,River Sockeye,2016,NA,NA,NA,HG
1866,817,River Sockeye,2016,NA,NA,NA,HG
1867,818,River Sockeye,2016,NA,NA,NA,HG
1868,819,Lake Sockeye,2016,NA,NA,NA,HG
1869,820,Lake Sockeye,2016,5200,2600,6500,HG
1870,821,Lake Sockeye,2016,NA,NA,NA,HG
1871,822,Lake Sockeye,2016,NA,NA,NA,HG
1872,823,Lake Sockeye,2016,16000,8000,20000,HG
1873,824,Lake Sockeye,2016,2500,2500,3125,HG
1874,825,Lake Sockeye,2016,10000,5000,12500,HG
1875,826,Lake Sockeye,2016,15000,15000,18750,HG
1876,827,Lake Sockeye,2016,6000,3000,7500,HG
1877,800,Chum,2017,NA,NA,NA,HG
1878,801,Chum,2017,50207,26161,NA,HG
1879,802,Chum,2017,3973,2500,NA,HG
1880,803,Chum,2017,88201,43555,NA,HG
1881,804,Chum,2017,58854,31865,NA,HG
1882,805,Chinook,2017,NA,NA,NA,HG
1883,806,Chinook,2017,NA,NA,NA,HG
1884,807,Coho,2017,64716,9000,64716,HG
1885,808,Coho,2017,22375,1317,22375,HG
1886,809,Coho,2017,96582,6800,96582,HG
1887,810,Pink (Even),2017,NA,NA,NA,HG
1888,811,Pink (Even),2017,NA,NA,NA,HG
1889,812,Pink (Even),2017,NA,NA,NA,HG
1890,813,Pink (Odd),2017,57706,10754,NA,HG
1891,814,Pink (Odd),2017,NA,NA,NA,HG
1892,815,Pink (Odd),2017,NA,NA,NA,HG
1893,816,River Sockeye,2017,NA,NA,NA,HG
1894,817,River Sockeye,2017,NA,24,NA,HG
1895,818,River Sockeye,2017,NA,NA,NA,HG
1896,819,Lake Sockeye,2017,NA,NA,NA,HG
1897,820,Lake Sockeye,2017,8000,4000,10000,HG
1898,821,Lake Sockeye,2017,NA,NA,NA,HG
1899,822,Lake Sockeye,2017,NA,NA,NA,HG
1900,823,Lake Sockeye,2017,3000,1500,3750,HG
1901,824,Lake Sockeye,2017,NA,NA,NA,HG
1902,825,Lake Sockeye,2017,5000,2500,6250,HG
1903,826,Lake Sockeye,2017,12000,12000,15000,HG
1904,827,Lake Sockeye,2017,14000,7000,17500,HG
1905,800,Chum,2018,NA,NA,NA,HG
1906,801,Chum,2018,NA,58654,NA,HG
1907,802,Chum,2018,NA,5000,NA,HG
1908,803,Chum,2018,NA,31706,NA,HG
1909,804,Chum,2018,NA,63128,NA,HG
1910,805,Chinook,2018,NA,NA,NA,HG
1911,806,Chinook,2018,NA,NA,NA,HG
1912,807,Coho,2018,NA,620,NA,HG
1913,808,Coho,2018,NA,1142,NA,HG
1914,809,Coho,2018,NA,4560,NA,HG
1915,810,Pink (Even),2018,NA,NA,NA,HG
1916,811,Pink (Even),2018,NA,368757,NA,HG
1917,812,Pink (Even),2018,NA,6245,NA,HG
1918,813,Pink (Odd),2018,NA,NA,NA,HG
1919,814,Pink (Odd),2018,NA,NA,NA,HG
1920,815,Pink (Odd),2018,NA,NA,NA,HG
1921,816,River Sockeye,2018,NA,NA,NA,HG
1922,817,River Sockeye,2018,NA,NA,NA,HG
1923,818,River Sockeye,2018,NA,NA,NA,HG
1924,819,Lake Sockeye,2018,NA,NA,NA,HG
1925,820,Lake Sockeye,2018,NA,2300,NA,HG
1926,821,Lake Sockeye,2018,NA,NA,NA,HG
1927,822,Lake Sockeye,2018,NA,NA,NA,HG
1928,823,Lake Sockeye,2018,NA,3000,NA,HG
1929,824,Lake Sockeye,2018,NA,NA,NA,HG
1930,825,Lake Sockeye,2018,NA,2000,NA,HG
1931,826,Lake Sockeye,2018,NA,12000,NA,HG
1932,827,Lake Sockeye,2018,NA,1500,NA,HG
1933,800,Chum,2019,NA,NA,NA,HG
1934,801,Chum,2019,NA,15430,NA,HG
1935,802,Chum,2019,NA,14000,NA,HG
1936,803,Chum,2019,NA,24015,NA,HG
1937,804,Chum,2019,NA,44733,NA,HG
1938,805,Chinook,2019,NA,NA,NA,HG
1939,806,Chinook,2019,NA,NA,NA,HG
1940,807,Coho,2019,NA,4253,NA,HG
1941,808,Coho,2019,NA,501,NA,HG
1942,809,Coho,2019,NA,3756,NA,HG
1943,810,Pink (Even),2019,NA,NA,NA,HG
1944,811,Pink (Even),2019,NA,NA,NA,HG
1945,812,Pink (Even),2019,NA,NA,NA,HG
1946,813,Pink (Odd),2019,NA,5088,NA,HG
1947,814,Pink (Odd),2019,NA,NA,NA,HG
1948,815,Pink (Odd),2019,NA,NA,NA,HG
1949,816,River Sockeye,2019,NA,NA,NA,HG
1950,817,River Sockeye,2019,NA,NA,NA,HG
1951,818,River Sockeye,2019,NA,NA,NA,HG
1952,819,Lake Sockeye,2019,NA,NA,NA,HG
1953,820,Lake Sockeye,2019,NA,2700,NA,HG
1954,821,Lake Sockeye,2019,NA,NA,NA,HG
1955,822,Lake Sockeye,2019,NA,NA,NA,HG
1956,823,Lake Sockeye,2019,NA,1000,NA,HG
1957,824,Lake Sockeye,2019,NA,NA,NA,HG
1958,825,Lake Sockeye,2019,NA,NA,NA,HG
1959,826,Lake Sockeye,2019,NA,12000,NA,HG
1960,827,Lake Sockeye,2019,NA,2200,NA,HG
1961,800,Chum,2020,NA,NA,NA,HG
1962,801,Chum,2020,NA,6391,NA,HG
1963,802,Chum,2020,NA,NA,NA,HG
1964,803,Chum,2020,NA,5494,NA,HG
1965,804,Chum,2020,NA,7816,NA,HG
1966,805,Chinook,2020,NA,NA,NA,HG
1967,806,Chinook,2020,NA,NA,NA,HG
1968,807,Coho,2020,NA,5620,NA,HG
1969,808,Coho,2020,NA,513,NA,HG
1970,809,Coho,2020,NA,NA,NA,HG
1971,810,Pink (Even),2020,NA,NA,NA,HG
1972,811,Pink (Even),2020,NA,466195,NA,HG
1973,812,Pink (Even),2020,NA,5470,NA,HG
1974,813,Pink (Odd),2020,NA,NA,NA,HG
1975,814,Pink (Odd),2020,NA,NA,NA,HG
1976,815,Pink (Odd),2020,NA,NA,NA,HG
1977,816,River Sockeye,2020,NA,NA,NA,HG
1978,817,River Sockeye,2020,NA,NA,NA,HG
1979,818,River Sockeye,2020,NA,NA,NA,HG
1980,819,Lake Sockeye,2020,NA,NA,NA,HG
1981,820,Lake Sockeye,2020,NA,4400,NA,HG
1982,821,Lake Sockeye,2020,NA,127,NA,HG
1983,822,Lake Sockeye,2020,NA,NA,NA,HG
1984,823,Lake Sockeye,2020,NA,400,NA,HG
1985,824,Lake Sockeye,2020,NA,NA,NA,HG
1986,825,Lake Sockeye,2020,NA,NA,NA,HG
1987,826,Lake Sockeye,2020,NA,7500,NA,HG
1988,827,Lake Sockeye,2020,NA,3100,NA,HG